Datetime,price
2021-01-04,1.22372
2021-01-04 0:30,1.22341
2021-01-04 1:00,1.22399
2021-01-04 1:30,1.22501
2021-01-04 2:00,1.22455
2021-01-04 2:30,1.22407
2021-01-04 3:00,1.22445
2021-01-04 3:30,1.22523
2021-01-04 4:00,1.22548
2021-01-04 4:30,1.22538
2021-01-04 5:00,1.22573
2021-01-04 5:30,1.2255
2021-01-04 6:00,1.22488
2021-01-04 6:30,1.22489
2021-01-04 7:00,1.22446
2021-01-04 7:30,1.2255
2021-01-04 8:00,1.22455
2021-01-04 8:30,1.22561
2021-01-04 9:00,1.22653
2021-01-04 9:30,1.22639
2021-01-04 10:00,1.22724
2021-01-04 10:30,1.22812
2021-01-04 11:00,1.2294
2021-01-04 11:30,1.22932
2021-01-04 12:00,1.22929
2021-01-04 12:30,1.22923
2021-01-04 13:00,1.22973
2021-01-04 13:30,1.22931
2021-01-04 14:00,1.22992
2021-01-04 14:30,1.23032
2021-01-04 15:00,1.22887
2021-01-04 15:30,1.22988
2021-01-04 16:00,1.23065
2021-01-04 16:30,1.22892
2021-01-04 17:00,1.22712
2021-01-04 17:30,1.22719
2021-01-04 18:00,1.22674
2021-01-04 18:30,1.22535
2021-01-04 19:00,1.22591
2021-01-04 19:30,1.22529
2021-01-04 20:00,1.22498
2021-01-04 20:30,1.22511
2021-01-04 21:00,1.22481
2021-01-04 21:30,1.22521
2021-01-04 22:00,1.22457
2021-01-04 22:30,1.22493
2021-01-04 23:00,1.22422
2021-01-04 23:30,1.22473
2021-01-05 0:00,1.22504
2021-01-05 0:30,1.22504
2021-01-05 1:00,1.22484
2021-01-05 1:30,1.22526
2021-01-05 2:00,1.22526
2021-01-05 2:30,1.22557
2021-01-05 3:00,1.22623
2021-01-05 3:30,1.22572
2021-01-05 4:00,1.22648
2021-01-05 4:30,1.22705
2021-01-05 5:00,1.22753
2021-01-05 5:30,1.22728
2021-01-05 6:00,1.22672
2021-01-05 6:30,1.22691
2021-01-05 7:00,1.22708
2021-01-05 7:30,1.22723
2021-01-05 8:00,1.22674
2021-01-05 8:30,1.22696
2021-01-05 9:00,1.22701
2021-01-05 9:30,1.22582
2021-01-05 10:00,1.22671
2021-01-05 10:30,1.22739
2021-01-05 11:00,1.22837
2021-01-05 11:30,1.22723
2021-01-05 12:00,1.22813
2021-01-05 12:30,1.22771
2021-01-05 13:00,1.22832
2021-01-05 13:30,1.22829
2021-01-05 14:00,1.22717
2021-01-05 14:30,1.22727
2021-01-05 15:00,1.22686
2021-01-05 15:30,1.22626
2021-01-05 16:00,1.22734
2021-01-05 16:30,1.22642
2021-01-05 17:00,1.22651
2021-01-05 17:30,1.22754
2021-01-05 18:00,1.22807
2021-01-05 18:30,1.22944
2021-01-05 19:00,1.22985
2021-01-05 19:30,1.22994
2021-01-05 20:00,1.23024
2021-01-05 20:30,1.22932
2021-01-05 21:00,1.22987
2021-01-05 21:30,1.23033
2021-01-05 22:00,1.22975
2021-01-05 22:30,1.22936
2021-01-05 23:00,1.22928
2021-01-05 23:30,1.22965
2021-01-06 0:00,1.22949
2021-01-06 0:30,1.22964
2021-01-06 1:00,1.2298
2021-01-06 1:30,1.22988
2021-01-06 2:00,1.22967
2021-01-06 2:30,1.23091
2021-01-06 3:00,1.22922
2021-01-06 3:30,1.22892
2021-01-06 4:00,1.2287
2021-01-06 4:30,1.22789
2021-01-06 5:00,1.2289
2021-01-06 5:30,1.22859
2021-01-06 6:00,1.22974
2021-01-06 6:30,1.22918
2021-01-06 7:00,1.23052
2021-01-06 7:30,1.22967
2021-01-06 8:00,1.23025
2021-01-06 8:30,1.23166
2021-01-06 9:00,1.233
2021-01-06 9:30,1.23395
2021-01-06 10:00,1.23249
2021-01-06 10:30,1.23247
2021-01-06 11:00,1.23343
2021-01-06 11:30,1.23382
2021-01-06 12:00,1.23377
2021-01-06 12:30,1.23381
2021-01-06 13:00,1.23469
2021-01-06 13:30,1.23376
2021-01-06 14:00,1.23447
2021-01-06 14:30,1.23403
2021-01-06 15:00,1.23412
2021-01-06 15:30,1.23196
2021-01-06 16:00,1.22989
2021-01-06 16:30,1.23095
2021-01-06 17:00,1.23107
2021-01-06 17:30,1.22824
2021-01-06 18:00,1.22793
2021-01-06 18:30,1.22898
2021-01-06 19:00,1.23037
2021-01-06 19:30,1.2299
2021-01-06 20:00,1.23046
2021-01-06 20:30,1.23089
2021-01-06 21:00,1.23044
2021-01-06 21:30,1.2307
2021-01-06 22:00,1.23318
2021-01-06 22:30,1.23239
2021-01-06 23:00,1.2323
2021-01-06 23:30,1.23252
2021-01-07 0:00,1.23233
2021-01-07 0:30,1.23276
2021-01-07 1:00,1.23394
2021-01-07 1:30,1.23382
2021-01-07 2:00,1.23382
2021-01-07 2:30,1.23327
2021-01-07 3:00,1.23311
2021-01-07 3:30,1.23306
2021-01-07 4:00,1.23205
2021-01-07 4:30,1.23245
2021-01-07 5:00,1.23259
2021-01-07 5:30,1.23276
2021-01-07 6:00,1.23285
2021-01-07 6:30,1.23246
2021-01-07 7:00,1.23164
2021-01-07 7:30,1.23125
2021-01-07 8:00,1.23184
2021-01-07 8:30,1.23204
2021-01-07 9:00,1.23165
2021-01-07 9:30,1.23114
2021-01-07 10:00,1.23062
2021-01-07 10:30,1.22944
2021-01-07 11:00,1.22855
2021-01-07 11:30,1.2269
2021-01-07 12:00,1.22543
2021-01-07 12:30,1.22497
2021-01-07 13:00,1.22588
2021-01-07 13:30,1.22569
2021-01-07 14:00,1.22673
2021-01-07 14:30,1.22674
2021-01-07 15:00,1.22731
2021-01-07 15:30,1.22686
2021-01-07 16:00,1.22687
2021-01-07 16:30,1.22592
2021-01-07 17:00,1.22546
2021-01-07 17:30,1.22593
2021-01-07 18:00,1.22717
2021-01-07 18:30,1.22639
2021-01-07 19:00,1.22567
2021-01-07 19:30,1.22655
2021-01-07 20:00,1.22713
2021-01-07 20:30,1.22742
2021-01-07 21:00,1.22662
2021-01-07 21:30,1.22677
2021-01-07 22:00,1.22704
2021-01-07 22:30,1.22657
2021-01-07 23:00,1.22729
2021-01-07 23:30,1.2271
2021-01-08 0:00,1.22637
2021-01-08 0:30,1.22642
2021-01-08 1:00,1.22683
2021-01-08 1:30,1.22691
2021-01-08 2:00,1.2271
2021-01-08 2:30,1.22577
2021-01-08 3:00,1.22375
2021-01-08 3:30,1.22479
2021-01-08 4:00,1.22561
2021-01-08 4:30,1.22598
2021-01-08 5:00,1.22627
2021-01-08 5:30,1.22619
2021-01-08 6:00,1.22604
2021-01-08 6:30,1.2263
2021-01-08 7:00,1.22673
2021-01-08 7:30,1.22578
2021-01-08 8:00,1.2263
2021-01-08 8:30,1.22634
2021-01-08 9:00,1.22625
2021-01-08 9:30,1.2239
2021-01-08 10:00,1.22295
2021-01-08 10:30,1.22237
2021-01-08 11:00,1.22312
2021-01-08 11:30,1.224
2021-01-08 12:00,1.22399
2021-01-08 12:30,1.22394
2021-01-08 13:00,1.2247
2021-01-08 13:30,1.22504
2021-01-08 14:00,1.22485
2021-01-08 14:30,1.22486
2021-01-08 15:00,1.22486
2021-01-08 15:30,1.22715
2021-01-08 16:00,1.22275
2021-01-08 16:30,1.22502
2021-01-08 17:00,1.22252
2021-01-08 17:30,1.22551
2021-01-08 18:00,1.22465
2021-01-08 18:30,1.22515
2021-01-08 19:00,1.22346
2021-01-08 19:30,1.22288
2021-01-08 20:00,1.22126
2021-01-08 20:30,1.21949
2021-01-08 21:00,1.22068
2021-01-08 21:30,1.22146
2021-01-08 22:00,1.22184
2021-01-08 22:30,1.22262
2021-01-08 23:00,1.22229
2021-01-08 23:30,1.22218
2021-01-11 0:00,1.22233
2021-01-11 0:30,1.22167
2021-01-11 1:00,1.2201
2021-01-11 1:30,1.2187
2021-01-11 2:00,1.21839
2021-01-11 2:30,1.21888
2021-01-11 3:00,1.21767
2021-01-11 3:30,1.21778
2021-01-11 4:00,1.21756
2021-01-11 4:30,1.21801
2021-01-11 5:00,1.21753
2021-01-11 5:30,1.21732
2021-01-11 6:00,1.21682
2021-01-11 6:30,1.21738
2021-01-11 7:00,1.21738
2021-01-11 7:30,1.21818
2021-01-11 8:00,1.21844
2021-01-11 8:30,1.21899
2021-01-11 9:00,1.21884
2021-01-11 9:30,1.21785
2021-01-11 10:00,1.21923
2021-01-11 10:30,1.21902
2021-01-11 11:00,1.21816
2021-01-11 11:30,1.21609
2021-01-11 12:00,1.21598
2021-01-11 12:30,1.21973
2021-01-11 13:00,1.21619
2021-01-11 13:30,1.21664
2021-01-11 14:00,1.21653
2021-01-11 14:30,1.21656
2021-01-11 15:00,1.21553
2021-01-11 15:30,1.21446
2021-01-11 16:00,1.21503
2021-01-11 16:30,1.21375
2021-01-11 17:00,1.21519
2021-01-11 17:30,1.21504
2021-01-11 18:00,1.21612
2021-01-11 18:30,1.21687
2021-01-11 19:00,1.21679
2021-01-11 19:30,1.2167
2021-01-11 20:00,1.217
2021-01-11 20:30,1.21655
2021-01-11 21:00,1.21652
2021-01-11 21:30,1.21624
2021-01-11 22:00,1.21566
2021-01-11 22:30,1.21534
2021-01-11 23:00,1.21545
2021-01-11 23:30,1.21497
2021-01-12 0:00,1.2153
2021-01-12 0:30,1.21515
2021-01-12 1:00,1.21561
2021-01-12 1:30,1.21606
2021-01-12 2:00,1.21541
2021-01-12 2:30,1.21593
2021-01-12 3:00,1.21414
2021-01-12 3:30,1.21491
2021-01-12 4:00,1.21435
2021-01-12 4:30,1.2144
2021-01-12 5:00,1.21463
2021-01-12 5:30,1.21484
2021-01-12 6:00,1.21422
2021-01-12 6:30,1.21428
2021-01-12 7:00,1.21428
2021-01-12 7:30,1.21533
2021-01-12 8:00,1.21509
2021-01-12 8:30,1.21609
2021-01-12 9:00,1.21686
2021-01-12 9:30,1.21635
2021-01-12 10:00,1.21587
2021-01-12 10:30,1.21519
2021-01-12 11:00,1.21782
2021-01-12 11:30,1.21619
2021-01-12 12:00,1.21534
2021-01-12 12:30,1.21453
2021-01-12 13:00,1.21495
2021-01-12 13:30,1.21515
2021-01-12 14:00,1.21571
2021-01-12 14:30,1.21553
2021-01-12 15:00,1.21533
2021-01-12 15:30,1.21462
2021-01-12 16:00,1.21466
2021-01-12 16:30,1.21513
2021-01-12 17:00,1.21572
2021-01-12 17:30,1.21559
2021-01-12 18:00,1.21558
2021-01-12 18:30,1.21682
2021-01-12 19:00,1.21725
2021-01-12 19:30,1.21744
2021-01-12 20:00,1.21833
2021-01-12 20:30,1.21872
2021-01-12 21:00,1.2199
2021-01-12 21:30,1.21995
2021-01-12 22:00,1.22034
2021-01-12 22:30,1.22056
2021-01-12 23:00,1.2206
2021-01-12 23:30,1.22062
2021-01-13 0:00,1.22027
2021-01-13 0:30,1.2205
2021-01-13 1:00,1.22071
2021-01-13 1:30,1.22086
2021-01-13 2:00,1.22103
2021-01-13 2:30,1.22078
2021-01-13 3:00,1.22145
2021-01-13 3:30,1.22173
2021-01-13 4:00,1.22173
2021-01-13 4:30,1.22127
2021-01-13 5:00,1.22192
2021-01-13 5:30,1.22157
2021-01-13 6:00,1.22128
2021-01-13 6:30,1.22086
2021-01-13 7:00,1.22118
2021-01-13 7:30,1.2209
2021-01-13 8:00,1.22165
2021-01-13 8:30,1.2214
2021-01-13 9:00,1.22195
2021-01-13 9:30,1.22031
2021-01-13 10:00,1.21966
2021-01-13 10:30,1.21912
2021-01-13 11:00,1.21907
2021-01-13 11:30,1.21895
2021-01-13 12:00,1.21752
2021-01-13 12:30,1.21776
2021-01-13 13:00,1.21758
2021-01-13 13:30,1.21629
2021-01-13 14:00,1.2168
2021-01-13 14:30,1.21729
2021-01-13 15:00,1.21688
2021-01-13 15:30,1.21613
2021-01-13 16:00,1.21567
2021-01-13 16:30,1.21639
2021-01-13 17:00,1.21769
2021-01-13 17:30,1.21593
2021-01-13 18:00,1.21579
2021-01-13 18:30,1.21578
2021-01-13 19:00,1.21578
2021-01-13 19:30,1.21653
2021-01-13 20:00,1.21663
2021-01-13 20:30,1.21614
2021-01-13 21:00,1.21565
2021-01-13 21:30,1.2154
2021-01-13 22:00,1.21574
2021-01-13 22:30,1.21545
2021-01-13 23:00,1.2156
2021-01-13 23:30,1.21568
2021-01-14 0:00,1.21558
2021-01-14 0:30,1.21563
2021-01-14 1:00,1.21571
2021-01-14 1:30,1.2162
2021-01-14 2:00,1.21704
2021-01-14 2:30,1.21645
2021-01-14 3:00,1.21678
2021-01-14 3:30,1.2166
2021-01-14 4:00,1.21491
2021-01-14 4:30,1.21524
2021-01-14 5:00,1.2141
2021-01-14 5:30,1.21454
2021-01-14 6:00,1.21462
2021-01-14 6:30,1.21497
2021-01-14 7:00,1.21475
2021-01-14 7:30,1.21552
2021-01-14 8:00,1.21507
2021-01-14 8:30,1.21498
2021-01-14 9:00,1.21472
2021-01-14 9:30,1.21431
2021-01-14 10:00,1.21475
2021-01-14 10:30,1.21584
2021-01-14 11:00,1.2153
2021-01-14 11:30,1.21663
2021-01-14 12:00,1.21608
2021-01-14 12:30,1.21655
2021-01-14 13:00,1.2154
2021-01-14 13:30,1.21516
2021-01-14 14:00,1.21434
2021-01-14 14:30,1.21296
2021-01-14 15:00,1.21122
2021-01-14 15:30,1.21198
2021-01-14 16:00,1.2121
2021-01-14 16:30,1.21172
2021-01-14 17:00,1.21209
2021-01-14 17:30,1.21354
2021-01-14 18:00,1.21481
2021-01-14 18:30,1.21544
2021-01-14 19:00,1.21527
2021-01-14 19:30,1.21657
2021-01-14 20:00,1.21552
2021-01-14 20:30,1.21508
2021-01-14 21:00,1.21515
2021-01-14 21:30,1.2155
2021-01-14 22:00,1.21584
2021-01-14 22:30,1.21639
2021-01-14 23:00,1.21603
2021-01-14 23:30,1.2154
2021-01-15 0:00,1.21552
2021-01-15 0:30,1.21514
2021-01-15 1:00,1.21528
2021-01-15 1:30,1.21506
2021-01-15 2:00,1.21588
2021-01-15 2:30,1.21544
2021-01-15 3:00,1.21534
2021-01-15 3:30,1.21509
2021-01-15 4:00,1.21466
2021-01-15 4:30,1.21516
2021-01-15 5:00,1.21538
2021-01-15 5:30,1.21493
2021-01-15 6:00,1.21474
2021-01-15 6:30,1.21469
2021-01-15 7:00,1.21417
2021-01-15 7:30,1.21399
2021-01-15 8:00,1.21398
2021-01-15 8:30,1.21375
2021-01-15 9:00,1.21444
2021-01-15 9:30,1.21351
2021-01-15 10:00,1.21217
2021-01-15 10:30,1.21311
2021-01-15 11:00,1.21363
2021-01-15 11:30,1.21391
2021-01-15 12:00,1.21389
2021-01-15 12:30,1.21318
2021-01-15 13:00,1.21361
2021-01-15 13:30,1.21234
2021-01-15 14:00,1.21212
2021-01-15 14:30,1.21217
2021-01-15 15:00,1.21241
2021-01-15 15:30,1.21161
2021-01-15 16:00,1.21103
2021-01-15 16:30,1.20974
2021-01-15 17:00,1.20855
2021-01-15 17:30,1.20933
2021-01-15 18:00,1.20968
2021-01-15 18:30,1.20976
2021-01-15 19:00,1.2091
2021-01-15 19:30,1.20938
2021-01-15 20:00,1.2083
2021-01-15 20:30,1.20807
2021-01-15 21:00,1.20832
2021-01-15 21:30,1.20768
2021-01-15 22:00,1.20795
2021-01-15 22:30,1.20782
2021-01-15 23:00,1.20756
2021-01-15 23:30,1.20766
2021-01-18 0:00,1.20799
2021-01-18 0:30,1.20771
2021-01-18 1:00,1.20839
2021-01-18 1:30,1.20663
2021-01-18 2:00,1.20743
2021-01-18 2:30,1.20756
2021-01-18 3:00,1.20745
2021-01-18 3:30,1.20789
2021-01-18 4:00,1.20791
2021-01-18 4:30,1.20828
2021-01-18 5:00,1.20714
2021-01-18 5:30,1.20741
2021-01-18 6:00,1.20694
2021-01-18 6:30,1.20698
2021-01-18 7:00,1.20708
2021-01-18 7:30,1.20775
2021-01-18 8:00,1.20769
2021-01-18 8:30,1.20807
2021-01-18 9:00,1.20798
2021-01-18 9:30,1.20677
2021-01-18 10:00,1.20714
2021-01-18 10:30,1.20694
2021-01-18 11:00,1.207
2021-01-18 11:30,1.20622
2021-01-18 12:00,1.20614
2021-01-18 12:30,1.20672
2021-01-18 13:00,1.20715
2021-01-18 13:30,1.20653
2021-01-18 14:00,1.20601
2021-01-18 14:30,1.20562
2021-01-18 15:00,1.20651
2021-01-18 15:30,1.20659
2021-01-18 16:00,1.20653
2021-01-18 16:30,1.20717
2021-01-18 17:00,1.20695
2021-01-18 17:30,1.20747
2021-01-18 18:00,1.20772
2021-01-18 18:30,1.20766
2021-01-18 19:00,1.20715
2021-01-18 19:30,1.20749
2021-01-18 20:00,1.20739
2021-01-18 20:30,1.20739
2021-01-18 21:00,1.20795
2021-01-18 21:30,1.20789
2021-01-18 22:00,1.20799
2021-01-18 22:30,1.20763
2021-01-18 23:00,1.20764
2021-01-18 23:30,1.20757
2021-01-19 0:00,1.20745
2021-01-19 0:30,1.20763
2021-01-19 1:00,1.20758
2021-01-19 1:30,1.20777
2021-01-19 2:00,1.20822
2021-01-19 2:30,1.20864
2021-01-19 3:00,1.20915
2021-01-19 3:30,1.20932
2021-01-19 4:00,1.20954
2021-01-19 4:30,1.20944
2021-01-19 5:00,1.20962
2021-01-19 5:30,1.20969
2021-01-19 6:00,1.20939
2021-01-19 6:30,1.20953
2021-01-19 7:00,1.20953
2021-01-19 7:30,1.20969
2021-01-19 8:00,1.20943
2021-01-19 8:30,1.20979
2021-01-19 9:00,1.20904
2021-01-19 9:30,1.21042
2021-01-19 10:00,1.21163
2021-01-19 10:30,1.21094
2021-01-19 11:00,1.21141
2021-01-19 11:30,1.21183
2021-01-19 12:00,1.21273
2021-01-19 12:30,1.21283
2021-01-19 13:00,1.21315
2021-01-19 13:30,1.21272
2021-01-19 14:00,1.21294
2021-01-19 14:30,1.21259
2021-01-19 15:00,1.21307
2021-01-19 15:30,1.21359
2021-01-19 16:00,1.21406
2021-01-19 16:30,1.21263
2021-01-19 17:00,1.21239
2021-01-19 17:30,1.21282
2021-01-19 18:00,1.21194
2021-01-19 18:30,1.21248
2021-01-19 19:00,1.21207
2021-01-19 19:30,1.21212
2021-01-19 20:00,1.212
2021-01-19 20:30,1.21217
2021-01-19 21:00,1.21204
2021-01-19 21:30,1.21253
2021-01-19 22:00,1.2125
2021-01-19 22:30,1.21269
2021-01-19 23:00,1.21262
2021-01-19 23:30,1.21284
2021-01-20 0:00,1.21259
2021-01-20 0:30,1.21279
2021-01-20 1:00,1.21377
2021-01-20 1:30,1.21394
2021-01-20 2:00,1.21433
2021-01-20 2:30,1.21422
2021-01-20 3:00,1.21374
2021-01-20 3:30,1.2141
2021-01-20 4:00,1.21463
2021-01-20 4:30,1.21435
2021-01-20 5:00,1.21439
2021-01-20 5:30,1.21444
2021-01-20 6:00,1.21423
2021-01-20 6:30,1.21403
2021-01-20 7:00,1.21415
2021-01-20 7:30,1.21441
2021-01-20 8:00,1.21438
2021-01-20 8:30,1.21488
2021-01-20 9:00,1.21545
2021-01-20 9:30,1.21556
2021-01-20 10:00,1.21425
2021-01-20 10:30,1.21352
2021-01-20 11:00,1.21227
2021-01-20 11:30,1.21275
2021-01-20 12:00,1.21208
2021-01-20 12:30,1.21213
2021-01-20 13:00,1.2117
2021-01-20 13:30,1.21122
2021-01-20 14:00,1.211
2021-01-20 14:30,1.20984
2021-01-20 15:00,1.21088
2021-01-20 15:30,1.21073
2021-01-20 16:00,1.20992
2021-01-20 16:30,1.20806
2021-01-20 17:00,1.21025
2021-01-20 17:30,1.21052
2021-01-20 18:00,1.20999
2021-01-20 18:30,1.21104
2021-01-20 19:00,1.21068
2021-01-20 19:30,1.21067
2021-01-20 20:00,1.21068
2021-01-20 20:30,1.21094
2021-01-20 21:00,1.21053
2021-01-20 21:30,1.21072
2021-01-20 22:00,1.21029
2021-01-20 22:30,1.21072
2021-01-20 23:00,1.21068
2021-01-20 23:30,1.21046
2021-01-21 0:00,1.21052
2021-01-21 0:30,1.21091
2021-01-21 1:00,1.21155
2021-01-21 1:30,1.21145
2021-01-21 2:00,1.21114
2021-01-21 2:30,1.21174
2021-01-21 3:00,1.21264
2021-01-21 3:30,1.21237
2021-01-21 4:00,1.21245
2021-01-21 4:30,1.21254
2021-01-21 5:00,1.21317
2021-01-21 5:30,1.21297
2021-01-21 6:00,1.21306
2021-01-21 6:30,1.21293
2021-01-21 7:00,1.21329
2021-01-21 7:30,1.21346
2021-01-21 8:00,1.21343
2021-01-21 8:30,1.21311
2021-01-21 9:00,1.21276
2021-01-21 9:30,1.21198
2021-01-21 10:00,1.21194
2021-01-21 10:30,1.21317
2021-01-21 11:00,1.21408
2021-01-21 11:30,1.21423
2021-01-21 12:00,1.21414
2021-01-21 12:30,1.21391
2021-01-21 13:00,1.21374
2021-01-21 13:30,1.21432
2021-01-21 14:00,1.21486
2021-01-21 14:30,1.21432
2021-01-21 15:00,1.21618
2021-01-21 15:30,1.21517
2021-01-21 16:00,1.21456
2021-01-21 16:30,1.21498
2021-01-21 17:00,1.21694
2021-01-21 17:30,1.21514
2021-01-21 18:00,1.21455
2021-01-21 18:30,1.21426
2021-01-21 19:00,1.2141
2021-01-21 19:30,1.21486
2021-01-21 20:00,1.21252
2021-01-21 20:30,1.21552
2021-01-21 21:00,1.21579
2021-01-21 21:30,1.216
2021-01-21 22:00,1.21648
2021-01-21 22:30,1.21686
2021-01-21 23:00,1.21655
2021-01-21 23:30,1.2164
2021-01-22 0:00,1.2165
2021-01-22 0:30,1.21672
2021-01-22 1:00,1.21678
2021-01-22 1:30,1.21654
2021-01-22 2:00,1.21709
2021-01-22 2:30,1.2169
2021-01-22 3:00,1.21662
2021-01-22 3:30,1.2173
2021-01-22 4:00,1.21724
2021-01-22 4:30,1.2174
2021-01-22 5:00,1.21719
2021-01-22 5:30,1.21736
2021-01-22 6:00,1.21737
2021-01-22 6:30,1.21733
2021-01-22 7:00,1.21739
2021-01-22 7:30,1.21721
2021-01-22 8:00,1.21666
2021-01-22 8:30,1.21655
2021-01-22 9:00,1.21563
2021-01-22 9:30,1.21566
2021-01-22 10:00,1.21566
2021-01-22 10:30,1.21796
2021-01-22 11:00,1.21724
2021-01-22 11:30,1.21739
2021-01-22 12:00,1.21769
2021-01-22 12:30,1.2168
2021-01-22 13:00,1.21807
2021-01-22 13:30,1.21764
2021-01-22 14:00,1.21684
2021-01-22 14:30,1.21639
2021-01-22 15:00,1.21625
2021-01-22 15:30,1.21654
2021-01-22 16:00,1.21601
2021-01-22 16:30,1.2174
2021-01-22 17:00,1.21784
2021-01-22 17:30,1.21723
2021-01-22 18:00,1.21742
2021-01-22 18:30,1.21775
2021-01-22 19:00,1.21705
2021-01-22 19:30,1.21674
2021-01-22 20:00,1.21697
2021-01-22 20:30,1.21692
2021-01-22 21:00,1.21726
2021-01-22 21:30,1.21664
2021-01-22 22:00,1.21686
2021-01-22 22:30,1.21682
2021-01-22 23:00,1.21696
2021-01-22 23:30,1.21704
2021-01-25 0:00,1.21681
2021-01-25 0:30,1.21665
2021-01-25 1:00,1.2165
2021-01-25 1:30,1.21668
2021-01-25 2:00,1.21713
2021-01-25 2:30,1.21678
2021-01-25 3:00,1.21638
2021-01-25 3:30,1.21642
2021-01-25 4:00,1.21681
2021-01-25 4:30,1.21702
2021-01-25 5:00,1.21772
2021-01-25 5:30,1.21749
2021-01-25 6:00,1.21786
2021-01-25 6:30,1.21761
2021-01-25 7:00,1.21788
2021-01-25 7:30,1.21807
2021-01-25 8:00,1.21797
2021-01-25 8:30,1.2177
2021-01-25 9:00,1.21761
2021-01-25 9:30,1.21797
2021-01-25 10:00,1.21768
2021-01-25 10:30,1.21732
2021-01-25 11:00,1.21559
2021-01-25 11:30,1.21477
2021-01-25 12:00,1.21499
2021-01-25 12:30,1.21573
2021-01-25 13:00,1.21584
2021-01-25 13:30,1.21569
2021-01-25 14:00,1.21536
2021-01-25 14:30,1.21534
2021-01-25 15:00,1.21511
2021-01-25 15:30,1.21471
2021-01-25 16:00,1.2144
2021-01-25 16:30,1.21209
2021-01-25 17:00,1.21207
2021-01-25 17:30,1.21302
2021-01-25 18:00,1.21312
2021-01-25 18:30,1.21367
2021-01-25 19:00,1.21407
2021-01-25 19:30,1.21446
2021-01-25 20:00,1.21438
2021-01-25 20:30,1.21429
2021-01-25 21:00,1.21375
2021-01-25 21:30,1.21387
2021-01-25 22:00,1.21369
2021-01-25 22:30,1.21413
2021-01-25 23:00,1.21398
2021-01-25 23:30,1.21413
2021-01-26 0:00,1.21405
2021-01-26 0:30,1.21419
2021-01-26 1:00,1.2143
2021-01-26 1:30,1.21426
2021-01-26 2:00,1.21374
2021-01-26 2:30,1.21341
2021-01-26 3:00,1.21339
2021-01-26 3:30,1.21454
2021-01-26 4:00,1.21433
2021-01-26 4:30,1.21423
2021-01-26 5:00,1.21426
2021-01-26 5:30,1.21395
2021-01-26 6:00,1.21371
2021-01-26 6:30,1.21302
2021-01-26 7:00,1.21295
2021-01-26 7:30,1.2131
2021-01-26 8:00,1.21297
2021-01-26 8:30,1.2127
2021-01-26 9:00,1.21246
2021-01-26 9:30,1.21112
2021-01-26 10:00,1.21259
2021-01-26 10:30,1.21382
2021-01-26 11:00,1.21284
2021-01-26 11:30,1.21289
2021-01-26 12:00,1.21337
2021-01-26 12:30,1.2127
2021-01-26 13:00,1.2141
2021-01-26 13:30,1.21376
2021-01-26 14:00,1.21418
2021-01-26 14:30,1.21443
2021-01-26 15:00,1.21446
2021-01-26 15:30,1.21568
2021-01-26 16:00,1.21587
2021-01-26 16:30,1.21595
2021-01-26 17:00,1.21657
2021-01-26 17:30,1.21679
2021-01-26 18:00,1.21618
2021-01-26 18:30,1.21461
2021-01-26 19:00,1.21539
2021-01-26 19:30,1.21573
2021-01-26 20:00,1.21618
2021-01-26 20:30,1.21636
2021-01-26 21:00,1.21657
2021-01-26 21:30,1.21647
2021-01-26 22:00,1.21671
2021-01-26 22:30,1.21673
2021-01-26 23:00,1.21641
2021-01-26 23:30,1.21592
2021-01-27 0:00,1.21609
2021-01-27 0:30,1.21605
2021-01-27 1:00,1.21625
2021-01-27 1:30,1.21631
2021-01-27 2:00,1.21688
2021-01-27 2:30,1.21623
2021-01-27 3:00,1.21668
2021-01-27 3:30,1.21608
2021-01-27 4:00,1.21564
2021-01-27 4:30,1.21592
2021-01-27 5:00,1.21579
2021-01-27 5:30,1.21567
2021-01-27 6:00,1.21565
2021-01-27 6:30,1.21573
2021-01-27 7:00,1.21568
2021-01-27 7:30,1.21629
2021-01-27 8:00,1.21624
2021-01-27 8:30,1.21628
2021-01-27 9:00,1.21571
2021-01-27 9:30,1.21551
2021-01-27 10:00,1.21468
2021-01-27 10:30,1.2148
2021-01-27 11:00,1.21239
2021-01-27 11:30,1.21226
2021-01-27 12:00,1.21297
2021-01-27 12:30,1.21313
2021-01-27 13:00,1.21196
2021-01-27 13:30,1.21167
2021-01-27 14:00,1.21153
2021-01-27 14:30,1.2108
2021-01-27 15:00,1.21149
2021-01-27 15:30,1.21111
2021-01-27 16:00,1.21048
2021-01-27 16:30,1.2068
2021-01-27 17:00,1.20758
2021-01-27 17:30,1.2091
2021-01-27 18:00,1.21008
2021-01-27 18:30,1.21002
2021-01-27 19:00,1.21057
2021-01-27 19:30,1.21177
2021-01-27 20:00,1.2112
2021-01-27 20:30,1.21199
2021-01-27 21:00,1.21073
2021-01-27 21:30,1.21
2021-01-27 22:00,1.21023
2021-01-27 22:30,1.21049
2021-01-27 23:00,1.2113
2021-01-27 23:30,1.21096
2021-01-28 0:00,1.21098
2021-01-28 0:30,1.21082
2021-01-28 1:00,1.21019
2021-01-28 1:30,1.21026
2021-01-28 2:00,1.20878
2021-01-28 2:30,1.2088
2021-01-28 3:00,1.20975
2021-01-28 3:30,1.21012
2021-01-28 4:00,1.21005
2021-01-28 4:30,1.20943
2021-01-28 5:00,1.20898
2021-01-28 5:30,1.2091
2021-01-28 6:00,1.20898
2021-01-28 6:30,1.20934
2021-01-28 7:00,1.20922
2021-01-28 7:30,1.21052
2021-01-28 8:00,1.20991
2021-01-28 8:30,1.21033
2021-01-28 9:00,1.20851
2021-01-28 9:30,1.20936
2021-01-28 10:00,1.21035
2021-01-28 10:30,1.20909
2021-01-28 11:00,1.2107
2021-01-28 11:30,1.21087
2021-01-28 12:00,1.21042
2021-01-28 12:30,1.21087
2021-01-28 13:00,1.21051
2021-01-28 13:30,1.21021
2021-01-28 14:00,1.21101
2021-01-28 14:30,1.20991
2021-01-28 15:00,1.20955
2021-01-28 15:30,1.21285
2021-01-28 16:00,1.21277
2021-01-28 16:30,1.21295
2021-01-28 17:00,1.2136
2021-01-28 17:30,1.2122
2021-01-28 18:00,1.21263
2021-01-28 18:30,1.21216
2021-01-28 19:00,1.21236
2021-01-28 19:30,1.21251
2021-01-28 20:00,1.21305
2021-01-28 20:30,1.21346
2021-01-28 21:00,1.21355
2021-01-28 21:30,1.21315
2021-01-28 22:00,1.21289
2021-01-28 22:30,1.21261
2021-01-28 23:00,1.21197
2021-01-28 23:30,1.2121
2021-01-29 0:00,1.21223
2021-01-29 0:30,1.21212
2021-01-29 1:00,1.21237
2021-01-29 1:30,1.21209
2021-01-29 2:00,1.21149
2021-01-29 2:30,1.21075
2021-01-29 3:00,1.21134
2021-01-29 3:30,1.21083
2021-01-29 4:00,1.21063
2021-01-29 4:30,1.21043
2021-01-29 5:00,1.21026
2021-01-29 5:30,1.20973
2021-01-29 6:00,1.2098
2021-01-29 6:30,1.20997
2021-01-29 7:00,1.20994
2021-01-29 7:30,1.20996
2021-01-29 8:00,1.21017
2021-01-29 8:30,1.21055
2021-01-29 9:00,1.21009
2021-01-29 9:30,1.21044
2021-01-29 10:00,1.21065
2021-01-29 10:30,1.21171
2021-01-29 11:00,1.21088
2021-01-29 11:30,1.21164
2021-01-29 12:00,1.21253
2021-01-29 12:30,1.21343
2021-01-29 13:00,1.21356
2021-01-29 13:30,1.21269
2021-01-29 14:00,1.21437
2021-01-29 14:30,1.21337
2021-01-29 15:00,1.21385
2021-01-29 15:30,1.21461
2021-01-29 16:00,1.21489
2021-01-29 16:30,1.21468
2021-01-29 17:00,1.21463
2021-01-29 17:30,1.21491
2021-01-29 18:00,1.21402
2021-01-29 18:30,1.21351
2021-01-29 19:00,1.21363
2021-01-29 19:30,1.21323
2021-01-29 20:00,1.21322
2021-01-29 20:30,1.21298
2021-01-29 21:00,1.21305
2021-01-29 21:30,1.21304
2021-01-29 22:00,1.21347
2021-01-29 22:30,1.21347
2021-01-29 23:00,1.21338
2021-01-29 23:30,1.21353
2021-02-01 0:00,1.21273
2021-02-01 0:30,1.21272
2021-02-01 1:00,1.21262
2021-02-01 1:30,1.21227
2021-02-01 2:00,1.2128
2021-02-01 2:30,1.21297
2021-02-01 3:00,1.2135
2021-02-01 3:30,1.21272
2021-02-01 4:00,1.21275
2021-02-01 4:30,1.21271
2021-02-01 5:00,1.2129
2021-02-01 5:30,1.21297
2021-02-01 6:00,1.21308
2021-02-01 6:30,1.21278
2021-02-01 7:00,1.2127
2021-02-01 7:30,1.21301
2021-02-01 8:00,1.21307
2021-02-01 8:30,1.21292
2021-02-01 9:00,1.2125
2021-02-01 9:30,1.21285
2021-02-01 10:00,1.2113
2021-02-01 10:30,1.2089
2021-02-01 11:00,1.21011
2021-02-01 11:30,1.2094
2021-02-01 12:00,1.20884
2021-02-01 12:30,1.20797
2021-02-01 13:00,1.20808
2021-02-01 13:30,1.20817
2021-02-01 14:00,1.20825
2021-02-01 14:30,1.20756
2021-02-01 15:00,1.20815
2021-02-01 15:30,1.20848
2021-02-01 16:00,1.20986
2021-02-01 16:30,1.20869
2021-02-01 17:00,1.20941
2021-02-01 17:30,1.20846
2021-02-01 18:00,1.20812
2021-02-01 18:30,1.20686
2021-02-01 19:00,1.20634
2021-02-01 19:30,1.20697
2021-02-01 20:00,1.20733
2021-02-01 20:30,1.20677
2021-02-01 21:00,1.20757
2021-02-01 21:30,1.20665
2021-02-01 22:00,1.20626
2021-02-01 22:30,1.20567
2021-02-01 23:00,1.20582
2021-02-01 23:30,1.20594
2021-02-02 0:00,1.20595
2021-02-02 0:30,1.20615
2021-02-02 1:00,1.20673
2021-02-02 1:30,1.20676
2021-02-02 2:00,1.20641
2021-02-02 2:30,1.20678
2021-02-02 3:00,1.20748
2021-02-02 3:30,1.20837
2021-02-02 4:00,1.20833
2021-02-02 4:30,1.20833
2021-02-02 5:00,1.2083
2021-02-02 5:30,1.20814
2021-02-02 6:00,1.20812
2021-02-02 6:30,1.20755
2021-02-02 7:00,1.20752
2021-02-02 7:30,1.2079
2021-02-02 8:00,1.20702
2021-02-02 8:30,1.20707
2021-02-02 9:00,1.20651
2021-02-02 9:30,1.20687
2021-02-02 10:00,1.20761
2021-02-02 10:30,1.20866
2021-02-02 11:00,1.20776
2021-02-02 11:30,1.20669
2021-02-02 12:00,1.20376
2021-02-02 12:30,1.20352
2021-02-02 13:00,1.20325
2021-02-02 13:30,1.20278
2021-02-02 14:00,1.20369
2021-02-02 14:30,1.20386
2021-02-02 15:00,1.2043
2021-02-02 15:30,1.2048
2021-02-02 16:00,1.20447
2021-02-02 16:30,1.20231
2021-02-02 17:00,1.203
2021-02-02 17:30,1.20274
2021-02-02 18:00,1.20293
2021-02-02 18:30,1.20192
2021-02-02 19:00,1.20176
2021-02-02 19:30,1.20188
2021-02-02 20:00,1.20203
2021-02-02 20:30,1.20177
2021-02-02 21:00,1.20277
2021-02-02 21:30,1.20198
2021-02-02 22:00,1.20184
2021-02-02 22:30,1.2037
2021-02-02 23:00,1.2037
2021-02-02 23:30,1.20428
2021-02-03 0:00,1.20439
2021-02-03 0:30,1.2043
2021-02-03 1:00,1.20437
2021-02-03 1:30,1.20366
2021-02-03 2:00,1.20385
2021-02-03 2:30,1.20441
2021-02-03 3:00,1.20467
2021-02-03 3:30,1.20469
2021-02-03 4:00,1.20473
2021-02-03 4:30,1.20463
2021-02-03 5:00,1.20458
2021-02-03 5:30,1.20417
2021-02-03 6:00,1.20422
2021-02-03 6:30,1.20431
2021-02-03 7:00,1.20441
2021-02-03 7:30,1.20439
2021-02-03 8:00,1.20405
2021-02-03 8:30,1.20375
2021-02-03 9:00,1.2034
2021-02-03 9:30,1.20374
2021-02-03 10:00,1.2039
2021-02-03 10:30,1.20314
2021-02-03 11:00,1.20224
2021-02-03 11:30,1.20229
2021-02-03 12:00,1.20173
2021-02-03 12:30,1.20211
2021-02-03 13:00,1.20233
2021-02-03 13:30,1.2016
2021-02-03 14:00,1.20159
2021-02-03 14:30,1.20106
2021-02-03 15:00,1.20139
2021-02-03 15:30,1.20171
2021-02-03 16:00,1.20244
2021-02-03 16:30,1.20265
2021-02-03 17:00,1.20116
2021-02-03 17:30,1.20109
2021-02-03 18:00,1.20227
2021-02-03 18:30,1.20236
2021-02-03 19:00,1.20255
2021-02-03 19:30,1.20266
2021-02-03 20:00,1.2023
2021-02-03 20:30,1.20271
2021-02-03 21:00,1.20262
2021-02-03 21:30,1.20254
2021-02-03 22:00,1.2027
2021-02-03 22:30,1.2033
2021-02-03 23:00,1.20353
2021-02-03 23:30,1.20351
2021-02-04 0:00,1.20303
2021-02-04 0:30,1.20328
2021-02-04 1:00,1.20391
2021-02-04 1:30,1.20412
2021-02-04 2:00,1.20406
2021-02-04 2:30,1.20359
2021-02-04 3:00,1.20366
2021-02-04 3:30,1.20348
2021-02-04 4:00,1.20352
2021-02-04 4:30,1.20322
2021-02-04 5:00,1.20233
2021-02-04 5:30,1.20184
2021-02-04 6:00,1.20199
2021-02-04 6:30,1.20195
2021-02-04 7:00,1.20145
2021-02-04 7:30,1.2017
2021-02-04 8:00,1.20109
2021-02-04 8:30,1.20112
2021-02-04 9:00,1.20063
2021-02-04 9:30,1.20082
2021-02-04 10:00,1.19968
2021-02-04 10:30,1.19932
2021-02-04 11:00,1.19904
2021-02-04 11:30,1.19858
2021-02-04 12:00,1.19935
2021-02-04 12:30,1.19875
2021-02-04 13:00,1.19924
2021-02-04 13:30,1.19874
2021-02-04 14:00,1.19862
2021-02-04 14:30,1.1993
2021-02-04 15:00,1.19936
2021-02-04 15:30,1.1984
2021-02-04 16:00,1.19867
2021-02-04 16:30,1.1981
2021-02-04 17:00,1.19696
2021-02-04 17:30,1.19785
2021-02-04 18:00,1.19758
2021-02-04 18:30,1.19744
2021-02-04 19:00,1.19608
2021-02-04 19:30,1.19605
2021-02-04 20:00,1.19664
2021-02-04 20:30,1.19629
2021-02-04 21:00,1.19594
2021-02-04 21:30,1.19658
2021-02-04 22:00,1.1965
2021-02-04 22:30,1.19657
2021-02-04 23:00,1.19639
2021-02-04 23:30,1.1962
2021-02-05 0:00,1.19616
2021-02-05 0:30,1.1964
2021-02-05 1:00,1.19668
2021-02-05 1:30,1.19662
2021-02-05 2:00,1.19671
2021-02-05 2:30,1.19689
2021-02-05 3:00,1.19673
2021-02-05 3:30,1.19658
2021-02-05 4:00,1.19626
2021-02-05 4:30,1.1954
2021-02-05 5:00,1.19563
2021-02-05 5:30,1.19548
2021-02-05 6:00,1.19564
2021-02-05 6:30,1.19561
2021-02-05 7:00,1.19572
2021-02-05 7:30,1.19629
2021-02-05 8:00,1.19638
2021-02-05 8:30,1.19654
2021-02-05 9:00,1.19612
2021-02-05 9:30,1.19633
2021-02-05 10:00,1.19762
2021-02-05 10:30,1.19842
2021-02-05 11:00,1.19801
2021-02-05 11:30,1.19768
2021-02-05 12:00,1.19753
2021-02-05 12:30,1.19739
2021-02-05 13:00,1.19749
2021-02-05 13:30,1.19799
2021-02-05 14:00,1.1989
2021-02-05 14:30,1.19894
2021-02-05 15:00,1.19834
2021-02-05 15:30,1.20039
2021-02-05 16:00,1.2016
2021-02-05 16:30,1.20212
2021-02-05 17:00,1.20203
2021-02-05 17:30,1.20238
2021-02-05 18:00,1.20257
2021-02-05 18:30,1.20348
2021-02-05 19:00,1.20398
2021-02-05 19:30,1.20379
2021-02-05 20:00,1.2042
2021-02-05 20:30,1.20424
2021-02-05 21:00,1.20417
2021-02-05 21:30,1.20426
2021-02-05 22:00,1.20459
2021-02-05 22:30,1.20491
2021-02-05 23:00,1.20464
2021-02-05 23:30,1.20492
2021-02-08 0:00,1.20395
2021-02-08 0:30,1.20423
2021-02-08 1:00,1.20443
2021-02-08 1:30,1.20486
2021-02-08 2:00,1.20435
2021-02-08 2:30,1.20324
2021-02-08 3:00,1.20319
2021-02-08 3:30,1.20383
2021-02-08 4:00,1.20332
2021-02-08 4:30,1.20364
2021-02-08 5:00,1.20371
2021-02-08 5:30,1.20382
2021-02-08 6:00,1.20373
2021-02-08 6:30,1.20349
2021-02-08 7:00,1.2042
2021-02-08 7:30,1.20367
2021-02-08 8:00,1.20346
2021-02-08 8:30,1.20391
2021-02-08 9:00,1.20381
2021-02-08 9:30,1.20407
2021-02-08 10:00,1.20308
2021-02-08 10:30,1.20309
2021-02-08 11:00,1.20268
2021-02-08 11:30,1.20282
2021-02-08 12:00,1.20267
2021-02-08 12:30,1.20323
2021-02-08 13:00,1.20324
2021-02-08 13:30,1.20296
2021-02-08 14:00,1.20234
2021-02-08 14:30,1.20264
2021-02-08 15:00,1.20226
2021-02-08 15:30,1.20376
2021-02-08 16:00,1.20458
2021-02-08 16:30,1.20564
2021-02-08 17:00,1.20593
2021-02-08 17:30,1.2047
2021-02-08 18:00,1.20395
2021-02-08 18:30,1.20448
2021-02-08 19:00,1.2047
2021-02-08 19:30,1.20472
2021-02-08 20:00,1.20485
2021-02-08 20:30,1.205
2021-02-08 21:00,1.20521
2021-02-08 21:30,1.20555
2021-02-08 22:00,1.20548
2021-02-08 22:30,1.20519
2021-02-08 23:00,1.2049
2021-02-08 23:30,1.20493
2021-02-09 0:00,1.20507
2021-02-09 0:30,1.20489
2021-02-09 1:00,1.20476
2021-02-09 1:30,1.20523
2021-02-09 2:00,1.20551
2021-02-09 2:30,1.20578
2021-02-09 3:00,1.20628
2021-02-09 3:30,1.20595
2021-02-09 4:00,1.20769
2021-02-09 4:30,1.20795
2021-02-09 5:00,1.20804
2021-02-09 5:30,1.20768
2021-02-09 6:00,1.20792
2021-02-09 6:30,1.20757
2021-02-09 7:00,1.20782
2021-02-09 7:30,1.20781
2021-02-09 8:00,1.20779
2021-02-09 8:30,1.2077
2021-02-09 9:00,1.20824
2021-02-09 9:30,1.20811
2021-02-09 10:00,1.20685
2021-02-09 10:30,1.20975
2021-02-09 11:00,1.21007
2021-02-09 11:30,1.21096
2021-02-09 12:00,1.21046
2021-02-09 12:30,1.21041
2021-02-09 13:00,1.21002
2021-02-09 13:30,1.21053
2021-02-09 14:00,1.21039
2021-02-09 14:30,1.20991
2021-02-09 15:00,1.20975
2021-02-09 15:30,1.21017
2021-02-09 16:00,1.20981
2021-02-09 16:30,1.20913
2021-02-09 17:00,1.20971
2021-02-09 17:30,1.20978
2021-02-09 18:00,1.20954
2021-02-09 18:30,1.21049
2021-02-09 19:00,1.21057
2021-02-09 19:30,1.21054
2021-02-09 20:00,1.21046
2021-02-09 20:30,1.21053
2021-02-09 21:00,1.21143
2021-02-09 21:30,1.21187
2021-02-09 22:00,1.21177
2021-02-09 22:30,1.21168
2021-02-09 23:00,1.21193
2021-02-09 23:30,1.21174
2021-02-10 0:00,1.21168
2021-02-10 0:30,1.21186
2021-02-10 1:00,1.21162
2021-02-10 1:30,1.21162
2021-02-10 2:00,1.21153
2021-02-10 2:30,1.21146
2021-02-10 3:00,1.2111
2021-02-10 3:30,1.21159
2021-02-10 4:00,1.2118
2021-02-10 4:30,1.21246
2021-02-10 5:00,1.21283
2021-02-10 5:30,1.21272
2021-02-10 6:00,1.21295
2021-02-10 6:30,1.21289
2021-02-10 7:00,1.21257
2021-02-10 7:30,1.21244
2021-02-10 8:00,1.2123
2021-02-10 8:30,1.21274
2021-02-10 9:00,1.21295
2021-02-10 9:30,1.21304
2021-02-10 10:00,1.21316
2021-02-10 10:30,1.21393
2021-02-10 11:00,1.21233
2021-02-10 11:30,1.21194
2021-02-10 12:00,1.21249
2021-02-10 12:30,1.21247
2021-02-10 13:00,1.21273
2021-02-10 13:30,1.2124
2021-02-10 14:00,1.21159
2021-02-10 14:30,1.21165
2021-02-10 15:00,1.21234
2021-02-10 15:30,1.21284
2021-02-10 16:00,1.21374
2021-02-10 16:30,1.21243
2021-02-10 17:00,1.213
2021-02-10 17:30,1.21309
2021-02-10 18:00,1.21345
2021-02-10 18:30,1.21311
2021-02-10 19:00,1.21325
2021-02-10 19:30,1.2138
2021-02-10 20:00,1.21311
2021-02-10 20:30,1.21297
2021-02-10 21:00,1.2125
2021-02-10 21:30,1.2129
2021-02-10 22:00,1.21265
2021-02-10 22:30,1.21198
2021-02-10 23:00,1.21179
2021-02-10 23:30,1.21172
2021-02-11 0:00,1.21179
2021-02-11 0:30,1.21184
2021-02-11 1:00,1.21189
2021-02-11 1:30,1.2119
2021-02-11 2:00,1.21174
2021-02-11 2:30,1.21141
2021-02-11 3:00,1.21153
2021-02-11 3:30,1.21173
2021-02-11 4:00,1.21175
2021-02-11 4:30,1.212
2021-02-11 5:00,1.21195
2021-02-11 5:30,1.21208
2021-02-11 6:00,1.21237
2021-02-11 6:30,1.21216
2021-02-11 7:00,1.21257
2021-02-11 7:30,1.21265
2021-02-11 8:00,1.21264
2021-02-11 8:30,1.21294
2021-02-11 9:00,1.21304
2021-02-11 9:30,1.21233
2021-02-11 10:00,1.21227
2021-02-11 10:30,1.21235
2021-02-11 11:00,1.21342
2021-02-11 11:30,1.21303
2021-02-11 12:00,1.21268
2021-02-11 12:30,1.21238
2021-02-11 13:00,1.21268
2021-02-11 13:30,1.21273
2021-02-11 14:00,1.21302
2021-02-11 14:30,1.2135
2021-02-11 15:00,1.21458
2021-02-11 15:30,1.21436
2021-02-11 16:00,1.21356
2021-02-11 16:30,1.21348
2021-02-11 17:00,1.21386
2021-02-11 17:30,1.21296
2021-02-11 18:00,1.21289
2021-02-11 18:30,1.21262
2021-02-11 19:00,1.21221
2021-02-11 19:30,1.21271
2021-02-11 20:00,1.21312
2021-02-11 20:30,1.21307
2021-02-11 21:00,1.2131
2021-02-11 21:30,1.21307
2021-02-11 22:00,1.21346
2021-02-11 22:30,1.21325
2021-02-11 23:00,1.21322
2021-02-11 23:30,1.21303
2021-02-12 0:00,1.21302
2021-02-12 0:30,1.21315
2021-02-12 1:00,1.21285
2021-02-12 1:30,1.21305
2021-02-12 2:00,1.21324
2021-02-12 2:30,1.21287
2021-02-12 3:00,1.21292
2021-02-12 3:30,1.21273
2021-02-12 4:00,1.21236
2021-02-12 4:30,1.21198
2021-02-12 5:00,1.212
2021-02-12 5:30,1.21193
2021-02-12 6:00,1.2122
2021-02-12 6:30,1.21224
2021-02-12 7:00,1.21244
2021-02-12 7:30,1.21313
2021-02-12 8:00,1.21267
2021-02-12 8:30,1.21253
2021-02-12 9:00,1.21238
2021-02-12 9:30,1.21153
2021-02-12 10:00,1.21086
2021-02-12 10:30,1.2103
2021-02-12 11:00,1.21113
2021-02-12 11:30,1.21083
2021-02-12 12:00,1.21074
2021-02-12 12:30,1.21088
2021-02-12 13:00,1.21006
2021-02-12 13:30,1.21067
2021-02-12 14:00,1.21094
2021-02-12 14:30,1.21125
2021-02-12 15:00,1.20944
2021-02-12 15:30,1.20871
2021-02-12 16:00,1.2089
2021-02-12 16:30,1.2092
2021-02-12 17:00,1.21003
2021-02-12 17:30,1.21193
2021-02-12 18:00,1.21199
2021-02-12 18:30,1.21251
2021-02-12 19:00,1.21281
2021-02-12 19:30,1.21232
2021-02-12 20:00,1.21218
2021-02-12 20:30,1.21214
2021-02-12 21:00,1.21198
2021-02-12 21:30,1.21158
2021-02-12 22:00,1.21147
2021-02-12 22:30,1.21185
2021-02-12 23:00,1.21189
2021-02-12 23:30,1.21189
2021-02-15 0:00,1.21212
2021-02-15 0:30,1.21229
2021-02-15 1:00,1.21228
2021-02-15 1:30,1.21205
2021-02-15 2:00,1.21224
2021-02-15 2:30,1.21211
2021-02-15 3:00,1.21222
2021-02-15 3:30,1.21271
2021-02-15 4:00,1.21299
2021-02-15 4:30,1.21326
2021-02-15 5:00,1.21349
2021-02-15 5:30,1.21343
2021-02-15 6:00,1.21325
2021-02-15 6:30,1.21321
2021-02-15 7:00,1.21385
2021-02-15 7:30,1.21378
2021-02-15 8:00,1.21393
2021-02-15 8:30,1.21345
2021-02-15 9:00,1.2137
2021-02-15 9:30,1.21332
2021-02-15 10:00,1.21377
2021-02-15 10:30,1.21398
2021-02-15 11:00,1.2141
2021-02-15 11:30,1.21347
2021-02-15 12:00,1.21323
2021-02-15 12:30,1.21336
2021-02-15 13:00,1.21381
2021-02-15 13:30,1.2133
2021-02-15 14:00,1.21286
2021-02-15 14:30,1.21304
2021-02-15 15:00,1.21327
2021-02-15 15:30,1.21268
2021-02-15 16:00,1.2125
2021-02-15 16:30,1.2124
2021-02-15 17:00,1.21232
2021-02-15 17:30,1.21315
2021-02-15 18:00,1.21319
2021-02-15 18:30,1.21366
2021-02-15 19:00,1.21359
2021-02-15 19:30,1.21309
2021-02-15 20:00,1.21332
2021-02-15 20:30,1.21311
2021-02-15 21:00,1.21311
2021-02-15 21:30,1.21304
2021-02-15 22:00,1.21309
2021-02-15 22:30,1.21305
2021-02-15 23:00,1.2131
2021-02-15 23:30,1.21274
2021-02-16 0:00,1.21264
2021-02-16 0:30,1.21271
2021-02-16 1:00,1.21288
2021-02-16 1:30,1.2132
2021-02-16 2:00,1.21384
2021-02-16 2:30,1.21373
2021-02-16 3:00,1.214
2021-02-16 3:30,1.21426
2021-02-16 4:00,1.21444
2021-02-16 4:30,1.21455
2021-02-16 5:00,1.21472
2021-02-16 5:30,1.21466
2021-02-16 6:00,1.21424
2021-02-16 6:30,1.21396
2021-02-16 7:00,1.21387
2021-02-16 7:30,1.21366
2021-02-16 8:00,1.21363
2021-02-16 8:30,1.21394
2021-02-16 9:00,1.21325
2021-02-16 9:30,1.21307
2021-02-16 10:00,1.2143
2021-02-16 10:30,1.21552
2021-02-16 11:00,1.21491
2021-02-16 11:30,1.21526
2021-02-16 12:00,1.21577
2021-02-16 12:30,1.21636
2021-02-16 13:00,1.21653
2021-02-16 13:30,1.21652
2021-02-16 14:00,1.21665
2021-02-16 14:30,1.21505
2021-02-16 15:00,1.21352
2021-02-16 15:30,1.21084
2021-02-16 16:00,1.21031
2021-02-16 16:30,1.20974
2021-02-16 17:00,1.21117
2021-02-16 17:30,1.21192
2021-02-16 18:00,1.21088
2021-02-16 18:30,1.2107
2021-02-16 19:00,1.2108
2021-02-16 19:30,1.21089
2021-02-16 20:00,1.21111
2021-02-16 20:30,1.21125
2021-02-16 21:00,1.2114
2021-02-16 21:30,1.21154
2021-02-16 22:00,1.21164
2021-02-16 22:30,1.21115
2021-02-16 23:00,1.21059
2021-02-16 23:30,1.21053
2021-02-17 0:00,1.21049
2021-02-17 0:30,1.21023
2021-02-17 1:00,1.20916
2021-02-17 1:30,1.20884
2021-02-17 2:00,1.20912
2021-02-17 2:30,1.20887
2021-02-17 3:00,1.20879
2021-02-17 3:30,1.20928
2021-02-17 4:00,1.20932
2021-02-17 4:30,1.20946
2021-02-17 5:00,1.20898
2021-02-17 5:30,1.20898
2021-02-17 6:00,1.20899
2021-02-17 6:30,1.20921
2021-02-17 7:00,1.20936
2021-02-17 7:30,1.2093
2021-02-17 8:00,1.20884
2021-02-17 8:30,1.20864
2021-02-17 9:00,1.20755
2021-02-17 9:30,1.2074
2021-02-17 10:00,1.20766
2021-02-17 10:30,1.2077
2021-02-17 11:00,1.20779
2021-02-17 11:30,1.20678
2021-02-17 12:00,1.20618
2021-02-17 12:30,1.20687
2021-02-17 13:00,1.20653
2021-02-17 13:30,1.20622
2021-02-17 14:00,1.20608
2021-02-17 14:30,1.20634
2021-02-17 15:00,1.20574
2021-02-17 15:30,1.20337
2021-02-17 16:00,1.2042
2021-02-17 16:30,1.20396
2021-02-17 17:00,1.20353
2021-02-17 17:30,1.20327
2021-02-17 18:00,1.20387
2021-02-17 18:30,1.20409
2021-02-17 19:00,1.20399
2021-02-17 19:30,1.20451
2021-02-17 20:00,1.20384
2021-02-17 20:30,1.20377
2021-02-17 21:00,1.20347
2021-02-17 21:30,1.2037
2021-02-17 22:00,1.20413
2021-02-17 22:30,1.20421
2021-02-17 23:00,1.20416
2021-02-17 23:30,1.20374
2021-02-18 0:00,1.20428
2021-02-18 0:30,1.20435
2021-02-18 1:00,1.2044
2021-02-18 1:30,1.20453
2021-02-18 2:00,1.20465
2021-02-18 2:30,1.20484
2021-02-18 3:00,1.2048
2021-02-18 3:30,1.20445
2021-02-18 4:00,1.20428
2021-02-18 4:30,1.20437
2021-02-18 5:00,1.20391
2021-02-18 5:30,1.20367
2021-02-18 6:00,1.20398
2021-02-18 6:30,1.20373
2021-02-18 7:00,1.20426
2021-02-18 7:30,1.20457
2021-02-18 8:00,1.20462
2021-02-18 8:30,1.20458
2021-02-18 9:00,1.20466
2021-02-18 9:30,1.20473
2021-02-18 10:00,1.20556
2021-02-18 10:30,1.20687
2021-02-18 11:00,1.20664
2021-02-18 11:30,1.20734
2021-02-18 12:00,1.20646
2021-02-18 12:30,1.20665
2021-02-18 13:00,1.20721
2021-02-18 13:30,1.20719
2021-02-18 14:00,1.20686
2021-02-18 14:30,1.20775
2021-02-18 15:00,1.20824
2021-02-18 15:30,1.20846
2021-02-18 16:00,1.20755
2021-02-18 16:30,1.20705
2021-02-18 17:00,1.2068
2021-02-18 17:30,1.20721
2021-02-18 18:00,1.20772
2021-02-18 18:30,1.20773
2021-02-18 19:00,1.20792
2021-02-18 19:30,1.20819
2021-02-18 20:00,1.20818
2021-02-18 20:30,1.20803
2021-02-18 21:00,1.20876
2021-02-18 21:30,1.20853
2021-02-18 22:00,1.20904
2021-02-18 22:30,1.20914
2021-02-18 23:00,1.20926
2021-02-18 23:30,1.20908
2021-02-19 0:00,1.20904
2021-02-19 0:30,1.209
2021-02-19 1:00,1.20945
2021-02-19 1:30,1.20917
2021-02-19 2:00,1.209
2021-02-19 2:30,1.20973
2021-02-19 3:00,1.20914
2021-02-19 3:30,1.20878
2021-02-19 4:00,1.20854
2021-02-19 4:30,1.20864
2021-02-19 5:00,1.20858
2021-02-19 5:30,1.20849
2021-02-19 6:00,1.20891
2021-02-19 6:30,1.20929
2021-02-19 7:00,1.20929
2021-02-19 7:30,1.20941
2021-02-19 8:00,1.2097
2021-02-19 8:30,1.2097
2021-02-19 9:00,1.21019
2021-02-19 9:30,1.21094
2021-02-19 10:00,1.21165
2021-02-19 10:30,1.21325
2021-02-19 11:00,1.21348
2021-02-19 11:30,1.21339
2021-02-19 12:00,1.21376
2021-02-19 12:30,1.21431
2021-02-19 13:00,1.21391
2021-02-19 13:30,1.21381
2021-02-19 14:00,1.2138
2021-02-19 14:30,1.21363
2021-02-19 15:00,1.21288
2021-02-19 15:30,1.21308
2021-02-19 16:00,1.21192
2021-02-19 16:30,1.21261
2021-02-19 17:00,1.21313
2021-02-19 17:30,1.21283
2021-02-19 18:00,1.21355
2021-02-19 18:30,1.21361
2021-02-19 19:00,1.21296
2021-02-19 19:30,1.21269
2021-02-19 20:00,1.21103
2021-02-19 20:30,1.21113
2021-02-19 21:00,1.21131
2021-02-19 21:30,1.21155
2021-02-19 22:00,1.21189
2021-02-19 22:30,1.21166
2021-02-19 23:00,1.21175
2021-02-19 23:30,1.21174
2021-02-22 0:00,1.21208
2021-02-22 0:30,1.2121
2021-02-22 1:00,1.21167
2021-02-22 1:30,1.21247
2021-02-22 2:00,1.2124
2021-02-22 2:30,1.21237
2021-02-22 3:00,1.21338
2021-02-22 3:30,1.21265
2021-02-22 4:00,1.21193
2021-02-22 4:30,1.212
2021-02-22 5:00,1.21178
2021-02-22 5:30,1.21197
2021-02-22 6:00,1.2123
2021-02-22 6:30,1.21204
2021-02-22 7:00,1.21223
2021-02-22 7:30,1.21202
2021-02-22 8:00,1.21231
2021-02-22 8:30,1.21196
2021-02-22 9:00,1.21081
2021-02-22 9:30,1.21096
2021-02-22 10:00,1.21009
2021-02-22 10:30,1.21002
2021-02-22 11:00,1.21074
2021-02-22 11:30,1.21082
2021-02-22 12:00,1.21186
2021-02-22 12:30,1.2129
2021-02-22 13:00,1.21373
2021-02-22 13:30,1.21368
2021-02-22 14:00,1.21361
2021-02-22 14:30,1.21364
2021-02-22 15:00,1.21326
2021-02-22 15:30,1.21474
2021-02-22 16:00,1.21451
2021-02-22 16:30,1.2146
2021-02-22 17:00,1.21487
2021-02-22 17:30,1.21389
2021-02-22 18:00,1.21488
2021-02-22 18:30,1.21547
2021-02-22 19:00,1.21634
2021-02-22 19:30,1.21654
2021-02-22 20:00,1.2164
2021-02-22 20:30,1.21655
2021-02-22 21:00,1.21678
2021-02-22 21:30,1.21674
2021-02-22 22:00,1.2158
2021-02-22 22:30,1.21516
2021-02-22 23:00,1.21542
2021-02-22 23:30,1.21554
2021-02-23 0:00,1.21572
2021-02-23 0:30,1.21596
2021-02-23 1:00,1.2166
2021-02-23 1:30,1.21638
2021-02-23 2:00,1.21648
2021-02-23 2:30,1.21703
2021-02-23 3:00,1.21692
2021-02-23 3:30,1.21755
2021-02-23 4:00,1.21723
2021-02-23 4:30,1.217
2021-02-23 5:00,1.21668
2021-02-23 5:30,1.21668
2021-02-23 6:00,1.21677
2021-02-23 6:30,1.2172
2021-02-23 7:00,1.21718
2021-02-23 7:30,1.21702
2021-02-23 8:00,1.2166
2021-02-23 8:30,1.21703
2021-02-23 9:00,1.21708
2021-02-23 9:30,1.21699
2021-02-23 10:00,1.21619
2021-02-23 10:30,1.2159
2021-02-23 11:00,1.21542
2021-02-23 11:30,1.21491
2021-02-23 12:00,1.21521
2021-02-23 12:30,1.21469
2021-02-23 13:00,1.21504
2021-02-23 13:30,1.2154
2021-02-23 14:00,1.21555
2021-02-23 14:30,1.21427
2021-02-23 15:00,1.21469
2021-02-23 15:30,1.21492
2021-02-23 16:00,1.21518
2021-02-23 16:30,1.21422
2021-02-23 17:00,1.21592
2021-02-23 17:30,1.21593
2021-02-23 18:00,1.21582
2021-02-23 18:30,1.21416
2021-02-23 19:00,1.21489
2021-02-23 19:30,1.2146
2021-02-23 20:00,1.21502
2021-02-23 20:30,1.21535
2021-02-23 21:00,1.21568
2021-02-23 21:30,1.21442
2021-02-23 22:00,1.21489
2021-02-23 22:30,1.21471
2021-02-23 23:00,1.21432
2021-02-23 23:30,1.21493
2021-02-24 0:00,1.2147
2021-02-24 0:30,1.21485
2021-02-24 1:00,1.21474
2021-02-24 1:30,1.21506
2021-02-24 2:00,1.21565
2021-02-24 2:30,1.21549
2021-02-24 3:00,1.21584
2021-02-24 3:30,1.21586
2021-02-24 4:00,1.21591
2021-02-24 4:30,1.21557
2021-02-24 5:00,1.21561
2021-02-24 5:30,1.2152
2021-02-24 6:00,1.21515
2021-02-24 6:30,1.21486
2021-02-24 7:00,1.21475
2021-02-24 7:30,1.2148
2021-02-24 8:00,1.21518
2021-02-24 8:30,1.2157
2021-02-24 9:00,1.21556
2021-02-24 9:30,1.21554
2021-02-24 10:00,1.21622
2021-02-24 10:30,1.21683
2021-02-24 11:00,1.21704
2021-02-24 11:30,1.21628
2021-02-24 12:00,1.21505
2021-02-24 12:30,1.21582
2021-02-24 13:00,1.2164
2021-02-24 13:30,1.21633
2021-02-24 14:00,1.21712
2021-02-24 14:30,1.21559
2021-02-24 15:00,1.21391
2021-02-24 15:30,1.21333
2021-02-24 16:00,1.2131
2021-02-24 16:30,1.21322
2021-02-24 17:00,1.21247
2021-02-24 17:30,1.21226
2021-02-24 18:00,1.21349
2021-02-24 18:30,1.21416
2021-02-24 19:00,1.21448
2021-02-24 19:30,1.21418
2021-02-24 20:00,1.21459
2021-02-24 20:30,1.21447
2021-02-24 21:00,1.21495
2021-02-24 21:30,1.2148
2021-02-24 22:00,1.21595
2021-02-24 22:30,1.21661
2021-02-24 23:00,1.21711
2021-02-24 23:30,1.21665
2021-02-25 0:00,1.21632
2021-02-25 0:30,1.21649
2021-02-25 1:00,1.21674
2021-02-25 1:30,1.21694
2021-02-25 2:00,1.2164
2021-02-25 2:30,1.21625
2021-02-25 3:00,1.21612
2021-02-25 3:30,1.21574
2021-02-25 4:00,1.21621
2021-02-25 4:30,1.216
2021-02-25 5:00,1.2165
2021-02-25 5:30,1.21688
2021-02-25 6:00,1.21742
2021-02-25 6:30,1.21764
2021-02-25 7:00,1.21826
2021-02-25 7:30,1.2178
2021-02-25 8:00,1.21793
2021-02-25 8:30,1.21812
2021-02-25 9:00,1.21687
2021-02-25 9:30,1.21871
2021-02-25 10:00,1.21966
2021-02-25 10:30,1.22083
2021-02-25 11:00,1.22139
2021-02-25 11:30,1.22198
2021-02-25 12:00,1.22286
2021-02-25 12:30,1.2228
2021-02-25 13:00,1.22337
2021-02-25 13:30,1.22293
2021-02-25 14:00,1.22328
2021-02-25 14:30,1.22257
2021-02-25 15:00,1.22279
2021-02-25 15:30,1.22124
2021-02-25 16:00,1.2222
2021-02-25 16:30,1.22412
2021-02-25 17:00,1.22286
2021-02-25 17:30,1.22233
2021-02-25 18:00,1.22247
2021-02-25 18:30,1.22289
2021-02-25 19:00,1.22311
2021-02-25 19:30,1.22124
2021-02-25 20:00,1.21923
2021-02-25 20:30,1.218
2021-02-25 21:00,1.21886
2021-02-25 21:30,1.21856
2021-02-25 22:00,1.21689
2021-02-25 22:30,1.21632
2021-02-25 23:00,1.21702
2021-02-25 23:30,1.21743
2021-02-26 0:00,1.21777
2021-02-26 0:30,1.21819
2021-02-26 1:00,1.21758
2021-02-26 1:30,1.21576
2021-02-26 2:00,1.21419
2021-02-26 2:30,1.21574
2021-02-26 3:00,1.21536
2021-02-26 3:30,1.21638
2021-02-26 4:00,1.21793
2021-02-26 4:30,1.21723
2021-02-26 5:00,1.21692
2021-02-26 5:30,1.21595
2021-02-26 6:00,1.2154
2021-02-26 6:30,1.21549
2021-02-26 7:00,1.21575
2021-02-26 7:30,1.21538
2021-02-26 8:00,1.21569
2021-02-26 8:30,1.21545
2021-02-26 9:00,1.21391
2021-02-26 9:30,1.21347
2021-02-26 10:00,1.21543
2021-02-26 10:30,1.21494
2021-02-26 11:00,1.21388
2021-02-26 11:30,1.21252
2021-02-26 12:00,1.21237
2021-02-26 12:30,1.21139
2021-02-26 13:00,1.21051
2021-02-26 13:30,1.21068
2021-02-26 14:00,1.21148
2021-02-26 14:30,1.21146
2021-02-26 15:00,1.21096
2021-02-26 15:30,1.21235
2021-02-26 16:00,1.21302
2021-02-26 16:30,1.21246
2021-02-26 17:00,1.21176
2021-02-26 17:30,1.21386
2021-02-26 18:00,1.20918
2021-02-26 18:30,1.20914
2021-02-26 19:00,1.20812
2021-02-26 19:30,1.20802
2021-02-26 20:00,1.20849
2021-02-26 20:30,1.20831
2021-02-26 21:00,1.20849
2021-02-26 21:30,1.20777
2021-02-26 22:00,1.20748
2021-02-26 22:30,1.20656
2021-02-26 23:00,1.20698
2021-02-26 23:30,1.20727
2021-03-01 0:00,1.20748
2021-03-01 0:30,1.20744
2021-03-01 1:00,1.20865
2021-03-01 1:30,1.20905
2021-03-01 2:00,1.20935
2021-03-01 2:30,1.20917
2021-03-01 3:00,1.20896
2021-03-01 3:30,1.20841
2021-03-01 4:00,1.20806
2021-03-01 4:30,1.20839
2021-03-01 5:00,1.20849
2021-03-01 5:30,1.2082
2021-03-01 6:00,1.20768
2021-03-01 6:30,1.20774
2021-03-01 7:00,1.20786
2021-03-01 7:30,1.20847
2021-03-01 8:00,1.20864
2021-03-01 8:30,1.20905
2021-03-01 9:00,1.20904
2021-03-01 9:30,1.20763
2021-03-01 10:00,1.2059
2021-03-01 10:30,1.2055
2021-03-01 11:00,1.20383
2021-03-01 11:30,1.20387
2021-03-01 12:00,1.20411
2021-03-01 12:30,1.20441
2021-03-01 13:00,1.20447
2021-03-01 13:30,1.20438
2021-03-01 14:00,1.20435
2021-03-01 14:30,1.20447
2021-03-01 15:00,1.20404
2021-03-01 15:30,1.20528
2021-03-01 16:00,1.20552
2021-03-01 16:30,1.20408
2021-03-01 17:00,1.20406
2021-03-01 17:30,1.20496
2021-03-01 18:00,1.20556
2021-03-01 18:30,1.20536
2021-03-01 19:00,1.20552
2021-03-01 19:30,1.20409
2021-03-01 20:00,1.20404
2021-03-01 20:30,1.20444
2021-03-01 21:00,1.20437
2021-03-01 21:30,1.2046
2021-03-01 22:00,1.20469
2021-03-01 22:30,1.20445
2021-03-01 23:00,1.20449
2021-03-01 23:30,1.20488
2021-03-02 0:00,1.20457
2021-03-02 0:30,1.205
2021-03-02 1:00,1.20488
2021-03-02 1:30,1.20487
2021-03-02 2:00,1.20476
2021-03-02 2:30,1.20387
2021-03-02 3:00,1.20342
2021-03-02 3:30,1.20313
2021-03-02 4:00,1.20339
2021-03-02 4:30,1.20214
2021-03-02 5:00,1.20229
2021-03-02 5:30,1.20266
2021-03-02 6:00,1.20223
2021-03-02 6:30,1.2021
2021-03-02 7:00,1.20195
2021-03-02 7:30,1.20216
2021-03-02 8:00,1.20253
2021-03-02 8:30,1.20277
2021-03-02 9:00,1.20174
2021-03-02 9:30,1.20071
2021-03-02 10:00,1.20058
2021-03-02 10:30,1.20022
2021-03-02 11:00,1.20057
2021-03-02 11:30,1.20061
2021-03-02 12:00,1.20202
2021-03-02 12:30,1.20235
2021-03-02 13:00,1.2025
2021-03-02 13:30,1.20316
2021-03-02 14:00,1.20269
2021-03-02 14:30,1.20335
2021-03-02 15:00,1.20294
2021-03-02 15:30,1.20291
2021-03-02 16:00,1.20447
2021-03-02 16:30,1.20426
2021-03-02 17:00,1.20395
2021-03-02 17:30,1.20622
2021-03-02 18:00,1.20738
2021-03-02 18:30,1.20783
2021-03-02 19:00,1.20794
2021-03-02 19:30,1.20796
2021-03-02 20:00,1.20867
2021-03-02 20:30,1.20856
2021-03-02 21:00,1.20846
2021-03-02 21:30,1.20839
2021-03-02 22:00,1.20932
2021-03-02 22:30,1.20893
2021-03-02 23:00,1.2088
2021-03-02 23:30,1.20893
2021-03-03 0:00,1.20861
2021-03-03 0:30,1.20838
2021-03-03 1:00,1.20846
2021-03-03 1:30,1.20848
2021-03-03 2:00,1.20856
2021-03-03 2:30,1.20865
2021-03-03 3:00,1.20891
2021-03-03 3:30,1.20914
2021-03-03 4:00,1.20847
2021-03-03 4:30,1.20836
2021-03-03 5:00,1.20853
2021-03-03 5:30,1.20829
2021-03-03 6:00,1.20868
2021-03-03 6:30,1.20886
2021-03-03 7:00,1.20866
2021-03-03 7:30,1.20842
2021-03-03 8:00,1.20793
2021-03-03 8:30,1.20823
2021-03-03 9:00,1.20937
2021-03-03 9:30,1.20936
2021-03-03 10:00,1.20791
2021-03-03 10:30,1.20754
2021-03-03 11:00,1.20851
2021-03-03 11:30,1.21015
2021-03-03 12:00,1.20944
2021-03-03 12:30,1.20833
2021-03-03 13:00,1.20804
2021-03-03 13:30,1.20622
2021-03-03 14:00,1.20638
2021-03-03 14:30,1.20634
2021-03-03 15:00,1.20501
2021-03-03 15:30,1.20545
2021-03-03 16:00,1.20545
2021-03-03 16:30,1.20538
2021-03-03 17:00,1.2052
2021-03-03 17:30,1.20729
2021-03-03 18:00,1.20783
2021-03-03 18:30,1.20731
2021-03-03 19:00,1.20674
2021-03-03 19:30,1.20703
2021-03-03 20:00,1.20766
2021-03-03 20:30,1.20726
2021-03-03 21:00,1.20663
2021-03-03 21:30,1.20651
2021-03-03 22:00,1.20693
2021-03-03 22:30,1.20623
2021-03-03 23:00,1.20628
2021-03-03 23:30,1.20627
2021-03-04 0:00,1.20639
2021-03-04 0:30,1.20624
2021-03-04 1:00,1.20484
2021-03-04 1:30,1.20464
2021-03-04 2:00,1.20556
2021-03-04 2:30,1.20595
2021-03-04 3:00,1.20486
2021-03-04 3:30,1.2062
2021-03-04 4:00,1.20541
2021-03-04 4:30,1.20539
2021-03-04 5:00,1.20549
2021-03-04 5:30,1.20487
2021-03-04 6:00,1.20495
2021-03-04 6:30,1.20552
2021-03-04 7:00,1.20556
2021-03-04 7:30,1.20563
2021-03-04 8:00,1.20604
2021-03-04 8:30,1.20613
2021-03-04 9:00,1.20538
2021-03-04 9:30,1.20522
2021-03-04 10:00,1.20438
2021-03-04 10:30,1.20406
2021-03-04 11:00,1.20335
2021-03-04 11:30,1.20326
2021-03-04 12:00,1.20416
2021-03-04 12:30,1.20489
2021-03-04 13:00,1.20422
2021-03-04 13:30,1.20348
2021-03-04 14:00,1.20336
2021-03-04 14:30,1.20324
2021-03-04 15:00,1.20351
2021-03-04 15:30,1.20358
2021-03-04 16:00,1.20342
2021-03-04 16:30,1.20382
2021-03-04 17:00,1.20289
2021-03-04 17:30,1.20399
2021-03-04 18:00,1.20476
2021-03-04 18:30,1.20439
2021-03-04 19:00,1.20165
2021-03-04 19:30,1.1994
2021-03-04 20:00,1.19886
2021-03-04 20:30,1.19683
2021-03-04 21:00,1.19746
2021-03-04 21:30,1.19664
2021-03-04 22:00,1.19707
2021-03-04 22:30,1.19707
2021-03-04 23:00,1.19712
2021-03-04 23:30,1.19694
2021-03-05 0:00,1.19725
2021-03-05 0:30,1.19742
2021-03-05 1:00,1.19646
2021-03-05 1:30,1.19671
2021-03-05 2:00,1.19642
2021-03-05 2:30,1.19664
2021-03-05 3:00,1.19587
2021-03-05 3:30,1.19606
2021-03-05 4:00,1.19547
2021-03-05 4:30,1.19633
2021-03-05 5:00,1.19618
2021-03-05 5:30,1.19625
2021-03-05 6:00,1.1958
2021-03-05 6:30,1.19563
2021-03-05 7:00,1.19593
2021-03-05 7:30,1.19536
2021-03-05 8:00,1.19564
2021-03-05 8:30,1.19533
2021-03-05 9:00,1.19567
2021-03-05 9:30,1.19504
2021-03-05 10:00,1.19279
2021-03-05 10:30,1.19267
2021-03-05 11:00,1.19267
2021-03-05 11:30,1.19279
2021-03-05 12:00,1.19378
2021-03-05 12:30,1.19302
2021-03-05 13:00,1.19305
2021-03-05 13:30,1.19317
2021-03-05 14:00,1.19427
2021-03-05 14:30,1.19354
2021-03-05 15:00,1.19365
2021-03-05 15:30,1.19179
2021-03-05 16:00,1.1941
2021-03-05 16:30,1.19158
2021-03-05 17:00,1.19209
2021-03-05 17:30,1.19067
2021-03-05 18:00,1.19088
2021-03-05 18:30,1.19137
2021-03-05 19:00,1.19116
2021-03-05 19:30,1.19119
2021-03-05 20:00,1.19106
2021-03-05 20:30,1.19131
2021-03-05 21:00,1.1928
2021-03-05 21:30,1.19125
2021-03-05 22:00,1.1917
2021-03-05 22:30,1.19159
2021-03-05 23:00,1.19168
2021-03-05 23:30,1.1912
2021-03-08 0:00,1.19172
2021-03-08 0:30,1.19182
2021-03-08 1:00,1.19293
2021-03-08 1:30,1.19263
2021-03-08 2:00,1.1925
2021-03-08 2:30,1.19259
2021-03-08 3:00,1.1921
2021-03-08 3:30,1.19273
2021-03-08 4:00,1.19144
2021-03-08 4:30,1.19054
2021-03-08 5:00,1.19019
2021-03-08 5:30,1.19016
2021-03-08 6:00,1.19039
2021-03-08 6:30,1.19056
2021-03-08 7:00,1.19099
2021-03-08 7:30,1.19122
2021-03-08 8:00,1.19064
2021-03-08 8:30,1.18923
2021-03-08 9:00,1.18851
2021-03-08 9:30,1.1886
2021-03-08 10:00,1.18931
2021-03-08 10:30,1.18774
2021-03-08 11:00,1.18686
2021-03-08 11:30,1.1872
2021-03-08 12:00,1.18714
2021-03-08 12:30,1.18781
2021-03-08 13:00,1.18781
2021-03-08 13:30,1.18677
2021-03-08 14:00,1.18698
2021-03-08 14:30,1.18617
2021-03-08 15:00,1.18717
2021-03-08 15:30,1.18709
2021-03-08 16:00,1.18739
2021-03-08 16:30,1.1879
2021-03-08 17:00,1.18795
2021-03-08 17:30,1.18579
2021-03-08 18:00,1.1859
2021-03-08 18:30,1.18484
2021-03-08 19:00,1.18518
2021-03-08 19:30,1.18565
2021-03-08 20:00,1.18612
2021-03-08 20:30,1.18537
2021-03-08 21:00,1.18561
2021-03-08 21:30,1.18581
2021-03-08 22:00,1.18496
2021-03-08 22:30,1.18453
2021-03-08 23:00,1.18452
2021-03-08 23:30,1.1846
2021-03-09 0:00,1.18467
2021-03-09 0:30,1.18476
2021-03-09 1:00,1.18506
2021-03-09 1:30,1.18507
2021-03-09 2:00,1.18442
2021-03-09 2:30,1.18442
2021-03-09 3:00,1.18395
2021-03-09 3:30,1.18384
2021-03-09 4:00,1.18534
2021-03-09 4:30,1.18548
2021-03-09 5:00,1.18578
2021-03-09 5:30,1.1865
2021-03-09 6:00,1.1858
2021-03-09 6:30,1.18574
2021-03-09 7:00,1.18575
2021-03-09 7:30,1.18539
2021-03-09 8:00,1.18601
2021-03-09 8:30,1.18576
2021-03-09 9:00,1.18714
2021-03-09 9:30,1.18806
2021-03-09 10:00,1.18806
2021-03-09 10:30,1.1896
2021-03-09 11:00,1.18965
2021-03-09 11:30,1.19053
2021-03-09 12:00,1.19021
2021-03-09 12:30,1.19007
2021-03-09 13:00,1.19139
2021-03-09 13:30,1.19041
2021-03-09 14:00,1.18984
2021-03-09 14:30,1.18875
2021-03-09 15:00,1.18845
2021-03-09 15:30,1.18918
2021-03-09 16:00,1.19011
2021-03-09 16:30,1.19017
2021-03-09 17:00,1.1898
2021-03-09 17:30,1.18858
2021-03-09 18:00,1.1888
2021-03-09 18:30,1.18852
2021-03-09 19:00,1.1885
2021-03-09 19:30,1.18864
2021-03-09 20:00,1.18894
2021-03-09 20:30,1.18943
2021-03-09 21:00,1.18961
2021-03-09 21:30,1.19001
2021-03-09 22:00,1.19028
2021-03-09 22:30,1.19015
2021-03-09 23:00,1.18994
2021-03-09 23:30,1.19001
2021-03-10 0:00,1.1895
2021-03-10 0:30,1.19009
2021-03-10 1:00,1.18973
2021-03-10 1:30,1.18968
2021-03-10 2:00,1.18894
2021-03-10 2:30,1.18936
2021-03-10 3:00,1.18956
2021-03-10 3:30,1.18851
2021-03-10 4:00,1.18809
2021-03-10 4:30,1.18812
2021-03-10 5:00,1.18796
2021-03-10 5:30,1.18801
2021-03-10 6:00,1.18797
2021-03-10 6:30,1.18794
2021-03-10 7:00,1.18753
2021-03-10 7:30,1.18751
2021-03-10 8:00,1.18728
2021-03-10 8:30,1.18775
2021-03-10 9:00,1.18822
2021-03-10 9:30,1.1884
2021-03-10 10:00,1.18744
2021-03-10 10:30,1.1896
2021-03-10 11:00,1.18975
2021-03-10 11:30,1.18997
2021-03-10 12:00,1.18996
2021-03-10 12:30,1.18952
2021-03-10 13:00,1.18904
2021-03-10 13:30,1.18911
2021-03-10 14:00,1.18938
2021-03-10 14:30,1.18853
2021-03-10 15:00,1.18871
2021-03-10 15:30,1.19106
2021-03-10 16:00,1.19235
2021-03-10 16:30,1.19132
2021-03-10 17:00,1.1894
2021-03-10 17:30,1.18958
2021-03-10 18:00,1.1895
2021-03-10 18:30,1.18988
2021-03-10 19:00,1.19035
2021-03-10 19:30,1.19081
2021-03-10 20:00,1.1953
2021-03-10 20:30,1.19142
2021-03-10 21:00,1.19205
2021-03-10 21:30,1.19206
2021-03-10 22:00,1.19208
2021-03-10 22:30,1.19266
2021-03-10 23:00,1.19295
2021-03-10 23:30,1.19284
2021-03-11 0:00,1.19269
2021-03-11 0:30,1.19255
2021-03-11 1:00,1.19256
2021-03-11 1:30,1.19243
2021-03-11 2:00,1.19208
2021-03-11 2:30,1.19191
2021-03-11 3:00,1.19218
2021-03-11 3:30,1319217
2021-03-11 4:00,1.19315
2021-03-11 4:30,1.19286
2021-03-11 5:00,1.19316
2021-03-11 5:30,1.19316
2021-03-11 6:00,1.19276
2021-03-11 6:30,1.19276
2021-03-11 7:00,1.19262
2021-03-11 7:30,1.19273
2021-03-11 8:00,1.19231
2021-03-11 8:30,1.193
2021-03-11 9:00,1.19409
2021-03-11 9:30,1.19383
2021-03-11 10:00,1.19582
2021-03-11 10:30,1.19647
2021-03-11 11:00,1.1958
2021-03-11 11:30,1.19636
2021-03-11 12:00,1.1962
2021-03-11 12:30,1.19631
2021-03-11 13:00,1.19633
2021-03-11 13:30,1.19642
2021-03-11 14:00,1.19643
2021-03-11 14:30,1.19544
2021-03-11 15:00,1.19562
2021-03-11 15:30,1.19569
2021-03-11 16:00,1.19508
2021-03-11 16:30,1.19367
2021-03-11 17:00,1.19306
2021-03-11 17:30,1.19583
2021-03-11 18:00,1.19632
2021-03-11 18:30,1.1977
2021-03-11 19:00,1.19722
2021-03-11 19:30,1.19723
2021-03-11 20:00,1.19808
2021-03-11 20:30,1.19858
2021-03-11 21:00,1.1983
2021-03-11 21:30,1.19816
2021-03-11 22:00,1.19876
2021-03-11 22:30,1.19893
2021-03-11 23:00,1.19865
2021-03-11 23:30,1.19851
2021-03-12 0:00,1.19838
2021-03-12 0:30,1.19824
2021-03-12 1:00,1.19874
2021-03-12 1:30,1.19808
2021-03-12 2:00,1.19831
2021-03-12 2:30,1.19831
2021-03-12 3:00,1.19864
2021-03-12 3:30,1.19844
2021-03-12 4:00,1.19731
2021-03-12 4:30,1.19623
2021-03-12 5:00,1.19643
2021-03-12 5:30,1.19616
2021-03-12 6:00,1.19658
2021-03-12 6:30,1.1966
2021-03-12 7:00,1.1956
2021-03-12 7:30,1.19635
2021-03-12 8:00,1.19506
2021-03-12 8:30,1.19488
2021-03-12 9:00,1.19452
2021-03-12 9:30,1.19453
2021-03-12 10:00,1.194
2021-03-12 10:30,1.19332
2021-03-12 11:00,1.19199
2021-03-12 11:30,1.19179
2021-03-12 12:00,1.19143
2021-03-12 12:30,1.19207
2021-03-12 13:00,1.19168
2021-03-12 13:30,1.1917
2021-03-12 14:00,1.19268
2021-03-12 14:30,1.19347
2021-03-12 15:00,1.19288
2021-03-12 15:30,1.19265
2021-03-12 16:00,1.19271
2021-03-12 16:30,1.19316
2021-03-12 17:00,1.19172
2021-03-12 17:30,1.19369
2021-03-12 18:00,1.19432
2021-03-12 18:30,1.19521
2021-03-12 19:00,1.19511
2021-03-12 19:30,1.19479
2021-03-12 20:00,1.19533
2021-03-12 20:30,1.19523
2021-03-12 21:00,1.19525
2021-03-12 21:30,1.19488
2021-03-12 22:00,1.19537
2021-03-12 22:30,1.19603
2021-03-12 23:00,1.19525
2021-03-12 23:30,1.19519
2021-03-15 0:00,1.19489
2021-03-15 0:30,1.19481
2021-03-15 1:00,1.19488
2021-03-15 1:30,1.19501
2021-03-15 2:00,1.19535
2021-03-15 2:30,1.19512
2021-03-15 3:00,1.19648
2021-03-15 3:30,1.19577
2021-03-15 4:00,1.1948
2021-03-15 4:30,1.19478
2021-03-15 5:00,1.19488
2021-03-15 5:30,1.1954
2021-03-15 6:00,1.19526
2021-03-15 6:30,1.19431
2021-03-15 7:00,1.19352
2021-03-15 7:30,1.19328
2021-03-15 8:00,1.19322
2021-03-15 8:30,1.19349
2021-03-15 9:00,1.19251
2021-03-15 9:30,1.19199
2021-03-15 10:00,1.19311
2021-03-15 10:30,1.19368
2021-03-15 11:00,1.1934
2021-03-15 11:30,1.1926
2021-03-15 12:00,1.19236
2021-03-15 12:30,1.19304
2021-03-15 13:00,1.19327
2021-03-15 13:30,1.19229
2021-03-15 14:00,1.19271
2021-03-15 14:30,1.19248
2021-03-15 15:00,1.19219
2021-03-15 15:30,1.19205
2021-03-15 16:00,1.19204
2021-03-15 16:30,1.19278
2021-03-15 17:00,1.19284
2021-03-15 17:30,1.19154
2021-03-15 18:00,1.19346
2021-03-15 18:30,1.1923
2021-03-15 19:00,1.19279
2021-03-15 19:30,1.19277
2021-03-15 20:00,1.19294
2021-03-15 20:30,1.19259
2021-03-15 21:00,1.19221
2021-03-15 21:30,1.19297
2021-03-15 22:00,1.19298
2021-03-15 22:30,1.19286
2021-03-15 23:00,1.19298
2021-03-15 23:30,1.19271
2021-03-16 0:00,1.19271
2021-03-16 0:30,1.19247
2021-03-16 1:00,1.19252
2021-03-16 1:30,1.19263
2021-03-16 2:00,1.19285
2021-03-16 2:30,1.19229
2021-03-16 3:00,1.19296
2021-03-16 3:30,1.19278
2021-03-16 4:00,1.19255
2021-03-16 4:30,1.19263
2021-03-16 5:00,1.19357
2021-03-16 5:30,1.19336
2021-03-16 6:00,1.19351
2021-03-16 6:30,1.19376
2021-03-16 7:00,1.19358
2021-03-16 7:30,1.19348
2021-03-16 8:00,1.19339
2021-03-16 8:30,1.19298
2021-03-16 9:00,1.19185
2021-03-16 9:30,1.19163
2021-03-16 10:00,1.19267
2021-03-16 10:30,1.19267
2021-03-16 11:00,1.19326
2021-03-16 11:30,1.19284
2021-03-16 12:00,1.19394
2021-03-16 12:30,1.19441
2021-03-16 13:00,1.19485
2021-03-16 13:30,1.1947
2021-03-16 14:00,1.19385
2021-03-16 14:30,1.1923
2021-03-16 15:00,1.19185
2021-03-16 15:30,1.19026
2021-03-16 16:00,1.191
2021-03-16 16:30,1.1909
2021-03-16 17:00,1.18904
2021-03-16 17:30,1.18943
2021-03-16 18:00,1.18943
2021-03-16 18:30,1.18932
2021-03-16 19:00,1.19057
2021-03-16 19:30,1.19028
2021-03-16 20:00,1.19047
2021-03-16 20:30,1.19038
2021-03-16 21:00,1.19078
2021-03-16 21:30,1.19049
2021-03-16 22:00,1.1903
2021-03-16 22:30,1.1902
2021-03-16 23:00,1.19015
2021-03-16 23:30,1.19009
2021-03-17 0:00,1.19025
2021-03-17 0:30,1.1902
2021-03-17 1:00,1.19023
2021-03-17 1:30,1.19023
2021-03-17 2:00,1.19044
2021-03-17 2:30,1.19012
2021-03-17 3:00,1.1895
2021-03-17 3:30,1.18968
2021-03-17 4:00,1.18999
2021-03-17 4:30,1.19017
2021-03-17 5:00,1.19038
2021-03-17 5:30,1.19011
2021-03-17 6:00,1.19011
2021-03-17 6:30,1.19035
2021-03-17 7:00,1.19015
2021-03-17 7:30,1.18979
2021-03-17 8:00,1.19071
2021-03-17 8:30,1.19077
2021-03-17 9:00,1.18976
2021-03-17 9:30,1.18911
2021-03-17 10:00,1.18911
2021-03-17 10:30,1.1898
2021-03-17 11:00,1.19115
2021-03-17 11:30,1.19104
2021-03-17 12:00,1.19138
2021-03-17 12:30,1.19111
2021-03-17 13:00,1.18953
2021-03-17 13:30,1.18935
2021-03-17 14:00,1.18953
2021-03-17 14:30,1.19116
2021-03-17 15:00,1.19083
2021-03-17 15:30,1.19011
2021-03-17 16:00,1.19127
2021-03-17 16:30,1.19079
2021-03-17 17:00,1.19043
2021-03-17 17:30,1.1904
2021-03-17 18:00,1.18989
2021-03-17 18:30,1.19016
2021-03-17 19:00,1.19052
2021-03-17 19:30,1.19062
2021-03-17 20:00,1.19578
2021-03-17 20:30,1.19773
2021-03-17 21:00,1.19729
2021-03-17 21:30,1.19771
2021-03-17 22:00,1.19795
2021-03-17 22:30,1.19779
2021-03-17 23:00,1.19794
2021-03-17 23:30,1.19802
2021-03-18 0:00,1.19861
2021-03-18 0:30,1.19785
2021-03-18 1:00,1.19835
2021-03-18 1:30,1.19828
2021-03-18 2:00,1.19823
2021-03-18 2:30,1.19854
2021-03-18 3:00,1.1975
2021-03-18 3:30,1.19691
2021-03-18 4:00,1.19688
2021-03-18 4:30,1.19709
2021-03-18 5:00,1.1968
2021-03-18 5:30,1.19592
2021-03-18 6:00,1.19569
2021-03-18 6:30,1.19614
2021-03-18 7:00,1.19646
2021-03-18 7:30,1.19648
2021-03-18 8:00,1.19706
2021-03-18 8:30,1.19793
2021-03-18 9:00,1.19638
2021-03-18 9:30,1.19473
2021-03-18 10:00,1.19529
2021-03-18 10:30,1.19475
2021-03-18 11:00,1.19393
2021-03-18 11:30,1.19422
2021-03-18 12:00,1.19369
2021-03-18 12:30,1.19399
2021-03-18 13:00,1.19464
2021-03-18 13:30,1.19411
2021-03-18 14:00,1.19338
2021-03-18 14:30,1.19283
2021-03-18 15:00,1.13138
2021-03-18 15:30,1.19168
2021-03-18 16:00,1.19143
2021-03-18 16:30,1.192
2021-03-18 17:00,1.19232
2021-03-18 17:30,1.19262
2021-03-18 18:00,1.19335
2021-03-18 18:30,1.19204
2021-03-18 19:00,1.19272
2021-03-18 19:30,1.19292
2021-03-18 20:00,1.19203
2021-03-18 20:30,1.19135
2021-03-18 21:00,1.19166
2021-03-18 21:30,1.19103
2021-03-18 22:00,1.19147
2021-03-18 22:30,1.19135
2021-03-18 23:00,1.19165
2021-03-18 23:30,1.19135
2021-03-19 0:00,1.19197
2021-03-19 0:30,1.1917
2021-03-19 1:00,1.19184
2021-03-19 1:30,1.19176
2021-03-19 2:00,1.19162
2021-03-19 2:30,1.19072
2021-03-19 3:00,1.19056
2021-03-19 3:30,1.19098
2021-03-19 4:00,1.19069
2021-03-19 4:30,1.19086
2021-03-19 5:00,1.19136
2021-03-19 5:30,1.19143
2021-03-19 6:00,1.19172
2021-03-19 6:30,1.19187
2021-03-19 7:00,1.19124
2021-03-19 7:30,1.1918
2021-03-19 8:00,1.19209
2021-03-19 8:30,1.19254
2021-03-19 9:00,1.1925
2021-03-19 9:30,1.19321
2021-03-19 10:00,1.19258
2021-03-19 10:30,1.1923
2021-03-19 11:00,1.19102
2021-03-19 11:30,1.18934
2021-03-19 12:00,1.18978
2021-03-19 12:30,1.1898
2021-03-19 13:00,1.19003
2021-03-19 13:30,1.18994
2021-03-19 14:00,1.18993
2021-03-19 14:30,1.19
2021-03-19 15:00,1.18814
2021-03-19 15:30,1.18811
2021-03-19 16:00,1.18804
2021-03-19 16:30,1.18865
2021-03-19 17:00,1.18886
2021-03-19 17:30,1.1909
2021-03-19 18:00,1.19042
2021-03-19 18:30,1.19075
2021-03-19 19:00,1.19075
2021-03-19 19:30,1.19092
2021-03-19 20:00,1.19067
2021-03-19 20:30,1.19082
2021-03-19 21:00,1.19068
2021-03-19 21:30,1.19052
2021-03-19 22:00,1.19034
2021-03-19 22:30,1.19044
2021-03-22 0:00,1.18854
2021-03-22 0:30,1.18845
2021-03-22 1:00,1.18883
2021-03-22 1:30,1.18836
2021-03-22 2:00,1.18874
2021-03-22 2:30,1.1885
2021-03-22 3:00,1.1878
2021-03-22 3:30,1.18845
2021-03-22 4:00,1.18868
2021-03-22 4:30,1.18925
2021-03-22 5:00,1.18971
2021-03-22 5:30,1.18951
2021-03-22 6:00,1.18976
2021-03-22 6:30,1.18933
2021-03-22 7:00,1.18948
2021-03-22 7:30,1.18937
2021-03-22 8:00,1.18904
2021-03-22 8:30,1.18829
2021-03-22 9:00,1.18868
2021-03-22 9:30,1.18841
2021-03-22 10:00,1.18917
2021-03-22 10:30,1.19023
2021-03-22 11:00,1.18962
2021-03-22 11:30,1.19
2021-03-22 12:00,1.19092
2021-03-22 12:30,1.19105
2021-03-22 13:00,1.19243
2021-03-22 13:30,1.19276
2021-03-22 14:00,1.19263
2021-03-22 14:30,1.19229
2021-03-22 15:00,1.19204
2021-03-22 15:30,1.19167
2021-03-22 16:00,1.19178
2021-03-22 16:30,1.19218
2021-03-22 17:00,1.1927
2021-03-22 17:30,1.19319
2021-03-22 18:00,1.19348
2021-03-22 18:30,1.19391
2021-03-22 19:00,1.19414
2021-03-22 19:30,1.19415
2021-03-22 20:00,1.19414
2021-03-22 20:30,1.1942
2021-03-22 21:00,1.19378
2021-03-22 21:30,1.19363
2021-03-22 22:00,1.19366
2021-03-22 22:30,1.19323
2021-03-22 23:00,1.1934
2021-03-22 23:30,1.19332
2021-03-23 0:00,1.19328
2021-03-23 0:30,1.19333
2021-03-23 1:00,1.1931
2021-03-23 1:30,1.19323
2021-03-23 2:00,1.193
2021-03-23 2:30,1.19334
2021-03-23 3:00,1.1935
2021-03-23 3:30,1.19295
2021-03-23 4:00,1.19249
2021-03-23 4:30,1.19256
2021-03-23 5:00,1.19293
2021-03-23 5:30,1.19317
2021-03-23 6:00,1.19269
2021-03-23 6:30,1.19232
2021-03-23 7:00,1.19224
2021-03-23 7:30,1.19247
2021-03-23 8:00,1.19265
2021-03-23 8:30,1.19274
2021-03-23 9:00,1.19299
2021-03-23 9:30,1.19052
2021-03-23 10:00,1.18921
2021-03-23 10:30,1.18988
2021-03-23 11:00,1.18952
2021-03-23 11:30,1.18911
2021-03-23 12:00,1.1893
2021-03-23 12:30,1.18846
2021-03-23 13:00,1.18783
2021-03-23 13:30,1.18808
2021-03-23 14:00,1.18887
2021-03-23 14:30,1.18891
2021-03-23 15:00,1.18746
2021-03-23 15:30,1.18728
2021-03-23 16:00,1.18738
2021-03-23 16:30,1.18738
2021-03-23 17:00,1.18714
2021-03-23 17:30,1.18723
2021-03-23 18:00,1.18646
2021-03-23 18:30,1.18636
2021-03-23 19:00,1.18625
2021-03-23 19:30,1.18571
2021-03-23 20:00,1.18526
2021-03-23 20:30,1.18516
2021-03-23 21:00,1.18532
2021-03-23 21:30,1.18484
2021-03-23 22:00,1.18494
2021-03-23 22:30,1.18492
2021-03-23 23:00,1.18509
2021-03-23 23:30,1.1848
2021-03-24 0:00,1.18485
2021-03-24 0:30,1.18471
2021-03-24 1:00,1.18444
2021-03-24 1:30,1.18397
2021-03-24 2:00,1.18444
2021-03-24 2:30,1.18427
2021-03-24 3:00,1.18452
2021-03-24 3:30,1.18481
2021-03-24 4:00,1.18433
2021-03-24 4:30,1.18451
2021-03-24 5:00,1.18463
2021-03-24 5:30,1.18488
2021-03-24 6:00,1.18465
2021-03-24 6:30,1.18463
2021-03-24 7:00,1.18416
2021-03-24 7:30,1.18406
2021-03-24 8:00,1.1842
2021-03-24 8:30,1.18468
2021-03-24 9:00,1.18244
2021-03-24 9:30,1.18208
2021-03-24 10:00,1.18198
2021-03-24 10:30,1.18266
2021-03-24 11:00,1.18429
2021-03-24 11:30,1.1835
2021-03-24 12:00,1.18262
2021-03-24 12:30,1.18229
2021-03-24 13:00,1.18328
2021-03-24 13:30,1.18335
2021-03-24 14:00,1.18328
2021-03-24 14:30,1.18338
2021-03-24 15:00,1.18189
2021-03-24 15:30,1.18226
2021-03-24 16:00,1.18219
2021-03-24 16:30,1.18286
2021-03-24 17:00,1.18275
2021-03-24 17:30,1.18306
2021-03-24 18:00,1.18355
2021-03-24 18:30,1.18236
2021-03-24 19:00,1.18264
2021-03-24 19:30,1.18271
2021-03-24 20:00,1.1827
2021-03-24 20:30,1.18209
2021-03-24 21:00,1.1818
2021-03-24 21:30,1.18125
2021-03-24 22:00,1.18102
2021-03-24 22:30,1.18121
2021-03-24 23:00,1.18126
2021-03-24 23:30,1.18123
2021-03-25 0:00,1.18106
2021-03-25 0:30,1.18115
2021-03-25 1:00,1.18117
2021-03-25 1:30,1.18127
2021-03-25 2:00,1.18129
2021-03-25 2:30,1.18175
2021-03-25 3:00,1.18141
2021-03-25 3:30,1.18118
2021-03-25 4:00,1.18221
2021-03-25 4:30,1.1824
2021-03-25 5:00,1.18268
2021-03-25 5:30,1.18229
2021-03-25 6:00,1.18212
2021-03-25 6:30,1.18206
2021-03-25 7:00,1.18256
2021-03-25 7:30,1.18199
2021-03-25 8:00,1.18147
2021-03-25 8:30,1.18162
2021-03-25 9:00,1.18141
2021-03-25 9:30,1.18059
2021-03-25 10:00,1.18104
2021-03-25 10:30,1.18051
2021-03-25 11:00,1.18061
2021-03-25 11:30,1.18104
2021-03-25 12:00,1.18156
2021-03-25 12:30,1.1814
2021-03-25 13:00,1.18131
2021-03-25 13:30,1.18049
2021-03-25 14:00,1.18044
2021-03-25 14:30,1.17975
2021-03-25 15:00,1.1811
2021-03-25 15:30,1.18081
2021-03-25 16:00,1.18018
2021-03-25 16:30,1.17997
2021-03-25 17:00,1.17879
2021-03-25 17:30,1.17761
2021-03-25 18:00,1.17789
2021-03-25 18:30,1.17629
2021-03-25 19:00,1.17742
2021-03-25 19:30,1.17745
2021-03-25 20:00,1.17792
2021-03-25 20:30,1.17769
2021-03-25 21:00,1.17664
2021-03-25 21:30,1.17672
2021-03-25 22:00,1.17622
2021-03-25 22:30,1.17635
2021-03-25 23:00,1.17677
2021-03-25 23:30,1.17677
2021-03-26 0:00,1.17708
2021-03-26 0:30,1.17734
2021-03-26 1:00,1.17735
2021-03-26 1:30,1.17756
2021-03-26 2:00,1.17762
2021-03-26 2:30,1.1782
2021-03-26 3:00,1.17811
2021-03-26 3:30,1.17835
2021-03-26 4:00,1.17791
2021-03-26 4:30,1.17797
2021-03-26 5:00,1.1782
2021-03-26 5:30,1.17809
2021-03-26 6:00,1.17782
2021-03-26 6:30,1.17766
2021-03-26 7:00,1.17785
2021-03-26 7:30,1.17833
2021-03-26 8:00,1.17856
2021-03-26 8:30,1.17832
2021-03-26 9:00,1.17825
2021-03-26 9:30,1.17866
2021-03-26 10:00,1.17783
2021-03-26 10:30,1.17875
2021-03-26 11:00,1.17906
2021-03-26 11:30,1.17924
2021-03-26 12:00,1.17865
2021-03-26 12:30,1.17817
2021-03-26 13:00,1.17732
2021-03-26 13:30,1.17741
2021-03-26 14:00,1.17759
2021-03-26 14:30,1.17763
2021-03-26 15:00,1.17821
2021-03-26 15:30,1.17838
2021-03-26 16:00,1.17838
2021-03-26 16:30,1.17901
2021-03-26 17:00,1.1791
2021-03-26 17:30,1.17966
2021-03-26 18:00,1.17955
2021-03-26 18:30,1.17988
2021-03-26 19:00,1.17946
2021-03-26 19:30,1.17904
2021-03-26 20:00,1.17871
2021-03-26 20:30,1.17893
2021-03-26 21:00,1.17967
2021-03-26 21:30,1.17978
2021-03-26 22:00,1.1794
2021-03-26 22:30,1.17933
